2026-05-13 08:19:00 +00:00: 8:19:00 AM [express] GET /api/intelligence/demo/status 200 in 6ms :: {"status":"cooldown","resetAt":1778665699127,"msLeft":5359001}
2026-05-13 08:19:06 +00:00: 8:19:06 AM [express] GET /api/intelligence/demo/status 200 in 7ms :: {"status":"cooldown","resetAt":1778665699127,"msLeft":5353003}
2026-05-13 08:19:12 +00:00: 8:19:12 AM [express] GET /api/intelligence/demo/status 200 in 7ms :: {"status":"cooldown","resetAt":1778665699127,"msLeft":5347010}
2026-05-13 08:19:18 +00:00: 8:19:18 AM [express] GET /api/intelligence/demo/status 200 in 6ms :: {"status":"cooldown","resetAt":1778665699127,"msLeft":5341002}
2026-05-13 08:19:18 +00:00: 8:19:18 AM [express] GET /api/sms-inbox/conversations 304 in 7ms :: []
2026-05-13 08:19:24 +00:00: 8:19:24 AM [express] GET /api/intelligence/demo/status 200 in 7ms :: {"status":"cooldown","resetAt":1778665699127,"msLeft":5335003}
2026-05-13 08:19:30 +00:00: 8:19:30 AM [express] GET /api/intelligence/demo/status 200 in 6ms :: {"status":"cooldown","resetAt":1778665699127,"msLeft":5329010}
2026-05-13 08:19:36 +00:00: 8:19:36 AM [express] GET /api/intelligence/demo/status 200 in 7ms :: {"status":"cooldown","resetAt":1778665699127,"msLeft":5323007}
2026-05-13 08:19:42 +00:00: 8:19:42 AM [express] GET /api/intelligence/demo/status 200 in 7ms :: {"status":"cooldown","resetAt":1778665699127,"msLeft":5317011}
2026-05-13 08:19:48 +00:00: 8:19:48 AM [express] GET /api/intelligence/demo/status 200 in 6ms :: {"status":"cooldown","resetAt":1778665699127,"msLeft":5311006}
2026-05-13 08:19:48 +00:00: 8:19:48 AM [express] GET /api/training/notifications 304 in 6ms :: {"notifications":[]}
2026-05-13 08:19:48 +00:00: 8:19:48 AM [express] GET /api/billing/sms-status/3 304 in 7ms :: {"smsAllowance":0,"smsCredits":0,"smsCreditsTotalPurchased":0,"planMonthlyAllowance":0,"planName":"Free","packages":[{"id":"10","priceCents":1000,"credits":333,"label":"$10 — 333 SMS"},{"id":"25","priceCents":2500,"credits":833,"label":"$25 — 833 SMS"},{"id":"50","priceCents":5000,"credits":1666,"label":"$50 — 1,666 SMS"}]}
2026-05-13 08:19:48 +00:00: 8:19:48 AM [express] GET /api/sms-inbox/conversations 304 in 6ms :: []
2026-05-13 08:19:54 +00:00: 8:19:54 AM [express] GET /api/intelligence/demo/status 200 in 6ms :: {"status":"cooldown","resetAt":1778665699127,"msLeft":5304999}
2026-05-13 08:20:00 +00:00: 8:20:00 AM [express] GET /api/intelligence/demo/status 200 in 6ms :: {"status":"cooldown","resetAt":1778665699127,"msLeft":5299007}
2026-05-13 08:20:06 +00:00: 8:20:06 AM [express] GET /api/intelligence/demo/status 200 in 7ms :: {"status":"cooldown","resetAt":1778665699127,"msLeft":5292995}
2026-05-13 08:20:12 +00:00: 8:20:12 AM [express] GET /api/intelligence/demo/status 200 in 6ms :: {"status":"cooldown","resetAt":1778665699127,"msLeft":5287002}
2026-05-13 08:20:18 +00:00: 8:20:18 AM [express] GET /api/intelligence/demo/status 200 in 7ms :: {"status":"cooldown","resetAt":1778665699127,"msLeft":5280993}
2026-05-13 08:20:18 +00:00: 8:20:18 AM [express] GET /api/sms-inbox/conversations 304 in 6ms :: []
2026-05-13 08:20:24 +00:00: 8:20:24 AM [express] GET /api/intelligence/demo/status 200 in 6ms :: {"status":"cooldown","resetAt":1778665699127,"msLeft":5275009}
2026-05-13 08:20:30 +00:00: 8:20:30 AM [express] GET /api/intelligence/demo/status 200 in 10ms :: {"status":"cooldown","resetAt":1778665699127,"msLeft":5269006}
2026-05-13 08:20:36 +00:00: 8:20:36 AM [express] GET /api/intelligence/demo/status 200 in 6ms :: {"status":"cooldown","resetAt":1778665699127,"msLeft":5262999}
2026-05-13 08:20:42 +00:00: 8:20:42 AM [express] GET /api/intelligence/demo/status 200 in 6ms :: {"status":"cooldown","resetAt":1778665699127,"msLeft":5257004}
2026-05-13 08:20:48 +00:00: 8:20:48 AM [express] GET /api/intelligence/demo/status 200 in 7ms :: {"status":"cooldown","resetAt":1778665699127,"msLeft":5251007}
2026-05-13 08:20:48 +00:00: 8:20:48 AM [express] GET /api/training/notifications 304 in 5ms :: {"notifications":[]}
2026-05-13 08:20:48 +00:00: 8:20:48 AM [express] GET /api/billing/sms-status/3 304 in 6ms :: {"smsAllowance":0,"smsCredits":0,"smsCreditsTotalPurchased":0,"planMonthlyAllowance":0,"planName":"Free","packages":[{"id":"10","priceCents":1000,"credits":333,"label":"$10 — 333 SMS"},{"id":"25","priceCents":2500,"credits":833,"label":"$25 — 833 SMS"},{"id":"50","priceCents":5000,"credits":1666,"label":"$50 — 1,666 SMS"}]}
2026-05-13 08:20:48 +00:00: 8:20:48 AM [express] GET /api/sms-inbox/conversations 304 in 6ms :: []
2026-05-13 08:20:54 +00:00: 8:20:54 AM [express] GET /api/intelligence/demo/status 200 in 7ms :: {"status":"cooldown","resetAt":1778665699127,"msLeft":5245000}
2026-05-13 08:21:00 +00:00: 8:21:00 AM [express] GET /api/intelligence/demo/status 200 in 6ms :: {"status":"cooldown","resetAt":1778665699127,"msLeft":5239002}
2026-05-13 08:21:06 +00:00: 8:21:06 AM [express] GET /api/intelligence/demo/status 200 in 6ms :: {"status":"cooldown","resetAt":1778665699127,"msLeft":5233002}
2026-05-13 08:21:12 +00:00: 8:21:12 AM [express] GET /api/intelligence/demo/status 200 in 7ms :: {"status":"cooldown","resetAt":1778665699127,"msLeft":5227001}
2026-05-13 08:21:18 +00:00: 8:21:18 AM [express] GET /api/intelligence/demo/status 200 in 7ms :: {"status":"cooldown","resetAt":1778665699127,"msLeft":5220997}
2026-05-13 08:21:18 +00:00: 8:21:18 AM [express] GET /api/sms-inbox/conversations 304 in 6ms :: []
2026-05-13 08:21:24 +00:00: 8:21:24 AM [express] GET /api/intelligence/demo/status 200 in 7ms :: {"status":"cooldown","resetAt":1778665699127,"msLeft":5214996}
2026-05-13 08:21:30 +00:00: 8:21:30 AM [express] GET /api/intelligence/demo/status 200 in 7ms :: {"status":"cooldown","resetAt":1778665699127,"msLeft":5208997}
2026-05-13 08:21:36 +00:00: 8:21:36 AM [express] GET /api/intelligence/demo/status 200 in 6ms :: {"status":"cooldown","resetAt":1778665699127,"msLeft":5202999}
2026-05-13 08:21:42 +00:00: 8:21:42 AM [express] GET /api/intelligence/demo/status 200 in 6ms :: {"status":"cooldown","resetAt":1778665699127,"msLeft":5197007}
2026-05-13 08:21:48 +00:00: 8:21:48 AM [express] GET /api/intelligence/demo/status 200 in 6ms :: {"status":"cooldown","resetAt":1778665699127,"msLeft":5191006}
2026-05-13 08:21:48 +00:00: 8:21:48 AM [express] GET /api/training/notifications 304 in 5ms :: {"notifications":[]}
2026-05-13 08:21:48 +00:00: 8:21:48 AM [express] GET /api/billing/sms-status/3 304 in 6ms :: {"smsAllowance":0,"smsCredits":0,"smsCreditsTotalPurchased":0,"planMonthlyAllowance":0,"planName":"Free","packages":[{"id":"10","priceCents":1000,"credits":333,"label":"$10 — 333 SMS"},{"id":"25","priceCents":2500,"credits":833,"label":"$25 — 833 SMS"},{"id":"50","priceCents":5000,"credits":1666,"label":"$50 — 1,666 SMS"}]}
2026-05-13 08:21:48 +00:00: 8:21:48 AM [express] GET /api/sms-inbox/conversations 304 in 5ms :: []
2026-05-13 08:21:54 +00:00: 8:21:54 AM [express] GET /api/intelligence/demo/status 200 in 6ms :: {"status":"cooldown","resetAt":1778665699127,"msLeft":5184985}
2026-05-13 08:22:00 +00:00: 8:22:00 AM [express] GET /api/intelligence/demo/status 200 in 6ms :: {"status":"cooldown","resetAt":1778665699127,"msLeft":5179002}
2026-05-13 08:22:06 +00:00: 8:22:06 AM [express] GET /api/intelligence/demo/status 200 in 6ms :: {"status":"cooldown","resetAt":1778665699127,"msLeft":5172999}
2026-05-13 08:22:12 +00:00: 8:22:12 AM [express] GET /api/intelligence/demo/status 200 in 7ms :: {"status":"cooldown","resetAt":1778665699127,"msLeft":5167000}
2026-05-13 08:22:18 +00:00: 8:22:18 AM [express] GET /api/intelligence/demo/status 200 in 6ms :: {"status":"cooldown","resetAt":1778665699127,"msLeft":5160994}
2026-05-13 08:22:18 +00:00: 8:22:18 AM [express] GET /api/sms-inbox/conversations 304 in 5ms :: []
2026-05-13 08:22:24 +00:00: 8:22:24 AM [express] GET /api/intelligence/demo/status 200 in 6ms :: {"status":"cooldown","resetAt":1778665699127,"msLeft":5155005}
2026-05-13 08:22:30 +00:00: 8:22:30 AM [express] GET /api/intelligence/demo/status 200 in 7ms :: {"status":"cooldown","resetAt":1778665699127,"msLeft":5148999}
2026-05-13 08:22:36 +00:00: 8:22:36 AM [express] GET /api/intelligence/demo/status 200 in 6ms :: {"status":"cooldown","resetAt":1778665699127,"msLeft":5143008}
2026-05-13 08:22:42 +00:00: 8:22:42 AM [express] GET /api/intelligence/demo/status 200 in 6ms :: {"status":"cooldown","resetAt":1778665699127,"msLeft":5136992}
2026-05-13 08:22:48 +00:00: 8:22:48 AM [express] GET /api/intelligence/demo/status 200 in 7ms :: {"status":"cooldown","resetAt":1778665699127,"msLeft":5130996}
2026-05-13 08:22:48 +00:00: 8:22:48 AM [express] GET /api/training/notifications 304 in 5ms :: {"notifications":[]}
2026-05-13 08:22:48 +00:00: 8:22:48 AM [express] GET /api/billing/sms-status/3 304 in 7ms :: {"smsAllowance":0,"smsCredits":0,"smsCreditsTotalPurchased":0,"planMonthlyAllowance":0,"planName":"Free","packages":[{"id":"10","priceCents":1000,"credits":333,"label":"$10 — 333 SMS"},{"id":"25","priceCents":2500,"credits":833,"label":"$25 — 833 SMS"},{"id":"50","priceCents":5000,"credits":1666,"label":"$50 — 1,666 SMS"}]}
2026-05-13 08:22:48 +00:00: 8:22:48 AM [express] GET /api/sms-inbox/conversations 304 in 12ms :: []
2026-05-13 08:22:54 +00:00: 8:22:54 AM [express] GET /api/intelligence/demo/status 200 in 6ms :: {"status":"cooldown","resetAt":1778665699127,"msLeft":5125002}
2026-05-13 08:23:00 +00:00: 8:23:00 AM [express] GET /api/intelligence/demo/status 200 in 7ms :: {"status":"cooldown","resetAt":1778665699127,"msLeft":5119004}
2026-05-13 08:23:06 +00:00: 8:23:06 AM [express] GET /api/intelligence/demo/status 200 in 8ms :: {"status":"cooldown","resetAt":1778665699127,"msLeft":5112993}
2026-05-13 08:23:12 +00:00: 8:23:12 AM [express] GET /api/intelligence/demo/status 200 in 6ms :: {"status":"cooldown","resetAt":1778665699127,"msLeft":5107011}
2026-05-13 08:23:18 +00:00: 8:23:18 AM [express] GET /api/intelligence/demo/status 200 in 6ms :: {"status":"cooldown","resetAt":1778665699127,"msLeft":5100999}
2026-05-13 08:23:18 +00:00: 8:23:18 AM [express] GET /api/sms-inbox/conversations 304 in 5ms :: []
2026-05-13 08:23:24 +00:00: 8:23:24 AM [express] GET /api/intelligence/demo/status 200 in 7ms :: {"status":"cooldown","resetAt":1778665699127,"msLeft":5095003}
2026-05-13 08:23:30 +00:00: 8:23:30 AM [express] GET /api/intelligence/demo/status 200 in 6ms :: {"status":"cooldown","resetAt":1778665699127,"msLeft":5089012}
2026-05-13 08:23:36 +00:00: 8:23:36 AM [express] GET /api/intelligence/demo/status 200 in 6ms :: {"status":"cooldown","resetAt":1778665699127,"msLeft":5083009}
2026-05-13 08:23:42 +00:00: 8:23:42 AM [express] GET /api/training/state 304 in 9ms :: {"enrolled":true,"profile":{"userId":"2d91b70d-b8eb-4f8d-9253-88b99321969a","enrolledAt":"2026-05-11T17:38:30.411Z","graduatedAt":null,"graduationNotifiedOwner":false,"graduationStaffNotified":false,"day7DigestSentAt":null},"categories":[],"state":[],"settings":{"enabled":true,"autoEnrollNewStaff":true,"graduationMinDays":7,"showHelpBubbleAfterGraduation":true,"storeId":null}}
2026-05-13 08:23:42 +00:00: 8:23:42 AM [express] GET /api/intelligence/demo/status 200 in 6ms :: {"status":"cooldown","resetAt":1778665699127,"msLeft":5076965}
2026-05-13 08:23:48 +00:00: 8:23:48 AM [express] GET /api/intelligence/demo/status 200 in 6ms :: {"status":"cooldown","resetAt":1778665699127,"msLeft":5070999}
2026-05-13 08:23:48 +00:00: 8:23:48 AM [express] GET /api/training/state 304 in 7ms :: {"enrolled":true,"profile":{"userId":"2d91b70d-b8eb-4f8d-9253-88b99321969a","enrolledAt":"2026-05-11T17:38:30.411Z","graduatedAt":null,"graduationNotifiedOwner":false,"graduationStaffNotified":false,"day7DigestSentAt":null},"categories":[],"state":[],"settings":{"enabled":true,"autoEnrollNewStaff":true,"graduationMinDays":7,"showHelpBubbleAfterGraduation":true,"storeId":null}}
2026-05-13 08:23:48 +00:00: 8:23:48 AM [express] GET /api/training/notifications 304 in 5ms :: {"notifications":[]}
2026-05-13 08:23:48 +00:00: 8:23:48 AM [express] GET /api/billing/sms-status/3 304 in 8ms :: {"smsAllowance":0,"smsCredits":0,"smsCreditsTotalPurchased":0,"planMonthlyAllowance":0,"planName":"Free","packages":[{"id":"10","priceCents":1000,"credits":333,"label":"$10 — 333 SMS"},{"id":"25","priceCents":2500,"credits":833,"label":"$25 — 833 SMS"},{"id":"50","priceCents":5000,"credits":1666,"label":"$50 — 1,666 SMS"}]}
2026-05-13 08:23:48 +00:00: 8:23:48 AM [express] GET /api/sms-inbox/conversations 304 in 6ms :: []
2026-05-13 08:23:52 +00:00: 8:23:52 AM [express] GET /api/billing/account-status 304 in 6ms :: {"accountStatus":"active","salonId":null,"suspendedAt":null,"lockedAt":null,"suspendedReason":null}
2026-05-13 08:23:52 +00:00: 8:23:52 AM [express] GET /api/intelligence/daily-digest 500 in 50ms :: {"error":"Failed to fetch daily digest"}
2026-05-13 08:23:54 +00:00: 8:23:54 AM [express] GET /api/intelligence/demo/status 200 in 9ms :: {"status":"cooldown","resetAt":1778665699127,"msLeft":5064999}
2026-05-13 08:24:00 +00:00: 8:24:00 AM [express] GET /api/intelligence/demo/status 200 in 6ms :: {"status":"cooldown","resetAt":1778665699127,"msLeft":5059007}
2026-05-13 08:24:06 +00:00: 8:24:06 AM [express] GET /api/intelligence/demo/status 200 in 6ms :: {"status":"cooldown","resetAt":1778665699127,"msLeft":5053002}
2026-05-13 08:24:12 +00:00: 8:24:12 AM [express] GET /api/intelligence/demo/status 200 in 8ms :: {"status":"cooldown","resetAt":1778665699127,"msLeft":5046983}
2026-05-13 08:24:18 +00:00: 8:24:18 AM [express] GET /api/intelligence/demo/status 200 in 7ms :: {"status":"cooldown","resetAt":1778665699127,"msLeft":5041001}
2026-05-13 08:24:18 +00:00: 8:24:18 AM [express] GET /api/sms-inbox/conversations 304 in 6ms :: []
2026-05-13 08:24:24 +00:00: 8:24:24 AM [express] GET /api/intelligence/demo/status 200 in 7ms :: {"status":"cooldown","resetAt":1778665699127,"msLeft":5035003}
2026-05-13 08:24:30 +00:00: 8:24:30 AM [express] GET /api/intelligence/demo/status 200 in 6ms :: {"status":"cooldown","resetAt":1778665699127,"msLeft":5029011}
2026-05-13 08:24:36 +00:00: 8:24:36 AM [express] GET /api/intelligence/demo/status 200 in 6ms :: {"status":"cooldown","resetAt":1778665699127,"msLeft":5022999}
2026-05-13 08:24:42 +00:00: 8:24:42 AM [express] GET /api/intelligence/demo/status 200 in 6ms :: {"status":"cooldown","resetAt":1778665699127,"msLeft":5016949}
2026-05-13 08:24:48 +00:00: 8:24:48 AM [express] GET /api/intelligence/demo/status 200 in 6ms :: {"status":"cooldown","resetAt":1778665699127,"msLeft":5011006}
2026-05-13 08:24:48 +00:00: 8:24:48 AM [express] GET /api/training/notifications 304 in 5ms :: {"notifications":[]}
2026-05-13 08:24:48 +00:00: 8:24:48 AM [express] GET /api/billing/sms-status/3 304 in 8ms :: {"smsAllowance":0,"smsCredits":0,"smsCreditsTotalPurchased":0,"planMonthlyAllowance":0,"planName":"Free","packages":[{"id":"10","priceCents":1000,"credits":333,"label":"$10 — 333 SMS"},{"id":"25","priceCents":2500,"credits":833,"label":"$25 — 833 SMS"},{"id":"50","priceCents":5000,"credits":1666,"label":"$50 — 1,666 SMS"}]}
2026-05-13 08:24:48 +00:00: 8:24:48 AM [express] GET /api/sms-inbox/conversations 304 in 6ms :: []
2026-05-13 08:24:54 +00:00: 8:24:54 AM [express] GET /api/intelligence/demo/status 200 in 6ms :: {"status":"cooldown","resetAt":1778665699127,"msLeft":5005006}
2026-05-13 08:25:00 +00:00: 8:25:00 AM [express] GET /api/intelligence/demo/status 200 in 10ms :: {"status":"cooldown","resetAt":1778665699127,"msLeft":4999009}
2026-05-13 08:25:06 +00:00: 8:25:06 AM [express] GET /api/intelligence/demo/status 200 in 7ms :: {"status":"cooldown","resetAt":1778665699127,"msLeft":4992882}
2026-05-13 08:25:12 +00:00: 8:25:12 AM [express] GET /api/intelligence/demo/status 200 in 7ms :: {"status":"cooldown","resetAt":1778665699127,"msLeft":4987007}
2026-05-13 08:25:18 +00:00: 8:25:18 AM [express] GET /api/intelligence/demo/status 200 in 6ms :: {"status":"cooldown","resetAt":1778665699127,"msLeft":4981008}
2026-05-13 08:25:19 +00:00: 8:25:19 AM [express] GET /api/sms-inbox/conversations 304 in 6ms :: []
2026-05-13 08:25:24 +00:00: 8:25:24 AM [express] GET /api/intelligence/demo/status 200 in 6ms :: {"status":"cooldown","resetAt":1778665699127,"msLeft":4975011}
2026-05-13 08:25:30 +00:00: 8:25:30 AM [express] GET /api/intelligence/demo/status 200 in 6ms :: {"status":"cooldown","resetAt":1778665699127,"msLeft":4968984}
2026-05-13 08:25:36 +00:00: 8:25:36 AM [express] GET /api/intelligence/demo/status 200 in 7ms :: {"status":"cooldown","resetAt":1778665699127,"msLeft":4963005}
2026-05-13 08:25:42 +00:00: 8:25:42 AM [express] GET /api/intelligence/demo/status 200 in 6ms :: {"status":"cooldown","resetAt":1778665699127,"msLeft":4956939}
2026-05-13 08:25:48 +00:00: 8:25:48 AM [express] GET /api/intelligence/demo/status 200 in 6ms :: {"status":"cooldown","resetAt":1778665699127,"msLeft":4951010}
2026-05-13 08:25:48 +00:00: 8:25:48 AM [express] GET /api/training/notifications 304 in 6ms :: {"notifications":[]}
2026-05-13 08:25:48 +00:00: 8:25:48 AM [express] GET /api/billing/sms-status/3 304 in 7ms :: {"smsAllowance":0,"smsCredits":0,"smsCreditsTotalPurchased":0,"planMonthlyAllowance":0,"planName":"Free","packages":[{"id":"10","priceCents":1000,"credits":333,"label":"$10 — 333 SMS"},{"id":"25","priceCents":2500,"credits":833,"label":"$25 — 833 SMS"},{"id":"50","priceCents":5000,"credits":1666,"label":"$50 — 1,666 SMS"}]}
2026-05-13 08:25:49 +00:00: 8:25:49 AM [express] GET /api/sms-inbox/conversations 304 in 5ms :: []
2026-05-13 08:25:54 +00:00: 8:25:54 AM [express] GET /api/intelligence/demo/status 200 in 7ms :: {"status":"cooldown","resetAt":1778665699127,"msLeft":4945000}
2026-05-13 08:26:00 +00:00: 8:26:00 AM [express] GET /api/intelligence/demo/status 200 in 6ms :: {"status":"cooldown","resetAt":1778665699127,"msLeft":4939001}
2026-05-13 08:26:06 +00:00: 8:26:06 AM [express] GET /api/intelligence/demo/status 200 in 6ms :: {"status":"cooldown","resetAt":1778665699127,"msLeft":4933004}
2026-05-13 08:26:12 +00:00: 8:26:12 AM [express] GET /api/intelligence/demo/status 200 in 6ms :: {"status":"cooldown","resetAt":1778665699127,"msLeft":4926999}
2026-05-13 08:26:18 +00:00: 8:26:18 AM [express] GET /api/intelligence/demo/status 200 in 7ms :: {"status":"cooldown","resetAt":1778665699127,"msLeft":4920997}
2026-05-13 08:26:19 +00:00: 8:26:19 AM [express] GET /api/sms-inbox/conversations 304 in 9ms :: []
2026-05-13 08:26:24 +00:00: 8:26:24 AM [express] GET /api/intelligence/demo/status 200 in 6ms :: {"status":"cooldown","resetAt":1778665699127,"msLeft":4915001}
2026-05-13 08:26:30 +00:00: 8:26:30 AM [express] GET /api/intelligence/demo/status 200 in 6ms :: {"status":"cooldown","resetAt":1778665699127,"msLeft":4909004}
2026-05-13 08:26:36 +00:00: 8:26:36 AM [express] GET /api/intelligence/demo/status 200 in 6ms :: {"status":"cooldown","resetAt":1778665699127,"msLeft":4903008}
2026-05-13 08:26:42 +00:00: 8:26:42 AM [express] GET /api/intelligence/demo/status 200 in 5ms :: {"status":"cooldown","resetAt":1778665699127,"msLeft":4896970}
2026-05-13 08:26:48 +00:00: 8:26:48 AM [express] GET /api/intelligence/demo/status 200 in 6ms :: {"status":"cooldown","resetAt":1778665699127,"msLeft":4890998}
2026-05-13 08:26:48 +00:00: 8:26:48 AM [express] GET /api/training/notifications 304 in 7ms :: {"notifications":[]}
2026-05-13 08:26:48 +00:00: 8:26:48 AM [express] GET /api/billing/sms-status/3 304 in 6ms :: {"smsAllowance":0,"smsCredits":0,"smsCreditsTotalPurchased":0,"planMonthlyAllowance":0,"planName":"Free","packages":[{"id":"10","priceCents":1000,"credits":333,"label":"$10 — 333 SMS"},{"id":"25","priceCents":2500,"credits":833,"label":"$25 — 833 SMS"},{"id":"50","priceCents":5000,"credits":1666,"label":"$50 — 1,666 SMS"}]}
2026-05-13 08:26:49 +00:00: 8:26:49 AM [express] GET /api/sms-inbox/conversations 304 in 5ms :: []
2026-05-13 08:26:54 +00:00: 8:26:54 AM [express] GET /api/intelligence/demo/status 200 in 6ms :: {"status":"cooldown","resetAt":1778665699127,"msLeft":4885008}
2026-05-13 08:27:00 +00:00: 8:27:00 AM [express] GET /api/intelligence/demo/status 200 in 8ms :: {"status":"cooldown","resetAt":1778665699127,"msLeft":4879003}
2026-05-13 08:27:06 +00:00: 8:27:06 AM [express] GET /api/intelligence/demo/status 200 in 6ms :: {"status":"cooldown","resetAt":1778665699127,"msLeft":4872997}
2026-05-13 08:27:12 +00:00: 8:27:12 AM [express] GET /api/intelligence/demo/status 200 in 7ms :: {"status":"cooldown","resetAt":1778665699127,"msLeft":4866998}
2026-05-13 08:27:18 +00:00: 8:27:18 AM [express] GET /api/intelligence/demo/status 200 in 6ms :: {"status":"cooldown","resetAt":1778665699127,"msLeft":4861007}
2026-05-13 08:27:19 +00:00: 8:27:19 AM [express] GET /api/sms-inbox/conversations 304 in 7ms :: []
2026-05-13 08:27:24 +00:00: 8:27:24 AM [express] GET /api/intelligence/demo/status 200 in 7ms :: {"status":"cooldown","resetAt":1778665699127,"msLeft":4855009}
2026-05-13 08:27:30 +00:00: 8:27:30 AM [express] GET /api/intelligence/demo/status 200 in 6ms :: {"status":"cooldown","resetAt":1778665699127,"msLeft":4849010}
2026-05-13 08:27:36 +00:00: 8:27:36 AM [express] GET /api/intelligence/demo/status 200 in 7ms :: {"status":"cooldown","resetAt":1778665699127,"msLeft":4843009}
2026-05-13 08:27:42 +00:00: 8:27:42 AM [express] GET /api/intelligence/demo/status 200 in 7ms :: {"status":"cooldown","resetAt":1778665699127,"msLeft":4836983}
2026-05-13 08:27:48 +00:00: 8:27:48 AM [express] GET /api/intelligence/demo/status 200 in 5ms :: {"status":"cooldown","resetAt":1778665699127,"msLeft":4831002}
2026-05-13 08:27:48 +00:00: 8:27:48 AM [express] GET /api/training/notifications 304 in 5ms :: {"notifications":[]}
2026-05-13 08:27:48 +00:00: 8:27:48 AM [express] GET /api/billing/sms-status/3 304 in 7ms :: {"smsAllowance":0,"smsCredits":0,"smsCreditsTotalPurchased":0,"planMonthlyAllowance":0,"planName":"Free","packages":[{"id":"10","priceCents":1000,"credits":333,"label":"$10 — 333 SMS"},{"id":"25","priceCents":2500,"credits":833,"label":"$25 — 833 SMS"},{"id":"50","priceCents":5000,"credits":1666,"label":"$50 — 1,666 SMS"}]}
2026-05-13 08:27:49 +00:00: 8:27:49 AM [express] GET /api/sms-inbox/conversations 304 in 6ms :: []
2026-05-13 08:27:54 +00:00: 8:27:54 AM [express] GET /api/intelligence/demo/status 200 in 6ms :: {"status":"cooldown","resetAt":1778665699127,"msLeft":4825008}
2026-05-13 08:28:00 +00:00: 8:28:00 AM [express] GET /api/intelligence/demo/status 200 in 7ms :: {"status":"cooldown","resetAt":1778665699127,"msLeft":4819011}
2026-05-13 08:28:06 +00:00: 8:28:06 AM [express] GET /api/intelligence/demo/status 200 in 7ms :: {"status":"cooldown","resetAt":1778665699127,"msLeft":4812998}
2026-05-13 08:28:12 +00:00: 8:28:12 AM [express] GET /api/intelligence/demo/status 200 in 7ms :: {"status":"cooldown","resetAt":1778665699127,"msLeft":4807004}
2026-05-13 08:28:18 +00:00: 8:28:18 AM [express] GET /api/intelligence/demo/status 200 in 7ms :: {"status":"cooldown","resetAt":1778665699127,"msLeft":4801010}
2026-05-13 08:28:19 +00:00: 8:28:19 AM [express] GET /api/sms-inbox/conversations 304 in 5ms :: []
2026-05-13 08:28:24 +00:00: 8:28:24 AM [express] GET /api/intelligence/demo/status 200 in 7ms :: {"status":"cooldown","resetAt":1778665699127,"msLeft":4795010}
2026-05-13 08:28:30 +00:00: 8:28:30 AM [express] GET /api/intelligence/demo/status 200 in 6ms :: {"status":"cooldown","resetAt":1778665699127,"msLeft":4789011}
2026-05-13 08:28:36 +00:00: 8:28:36 AM [express] GET /api/intelligence/demo/status 200 in 6ms :: {"status":"cooldown","resetAt":1778665699127,"msLeft":4783003}
2026-05-13 08:28:42 +00:00: 8:28:42 AM [express] GET /api/training/state 304 in 8ms :: {"enrolled":true,"profile":{"userId":"2d91b70d-b8eb-4f8d-9253-88b99321969a","enrolledAt":"2026-05-11T17:38:30.411Z","graduatedAt":null,"graduationNotifiedOwner":false,"graduationStaffNotified":false,"day7DigestSentAt":null},"categories":[],"state":[],"settings":{"enabled":true,"autoEnrollNewStaff":true,"graduationMinDays":7,"showHelpBubbleAfterGraduation":true,"storeId":null}}
2026-05-13 08:28:42 +00:00: 8:28:42 AM [express] GET /api/intelligence/demo/status 200 in 6ms :: {"status":"cooldown","resetAt":1778665699127,"msLeft":4776972}
2026-05-13 08:28:48 +00:00: 8:28:48 AM [express] GET /api/intelligence/demo/status 200 in 7ms :: {"status":"cooldown","resetAt":1778665699127,"msLeft":4770984}
2026-05-13 08:28:48 +00:00: 8:28:48 AM [express] GET /api/training/state 304 in 6ms :: {"enrolled":true,"profile":{"userId":"2d91b70d-b8eb-4f8d-9253-88b99321969a","enrolledAt":"2026-05-11T17:38:30.411Z","graduatedAt":null,"graduationNotifiedOwner":false,"graduationStaffNotified":false,"day7DigestSentAt":null},"categories":[],"state":[],"settings":{"enabled":true,"autoEnrollNewStaff":true,"graduationMinDays":7,"showHelpBubbleAfterGraduation":true,"storeId":null}}
2026-05-13 08:28:48 +00:00: 8:28:48 AM [express] GET /api/training/notifications 304 in 5ms :: {"notifications":[]}
2026-05-13 08:28:48 +00:00: 8:28:48 AM [express] GET /api/billing/sms-status/3 304 in 6ms :: {"smsAllowance":0,"smsCredits":0,"smsCreditsTotalPurchased":0,"planMonthlyAllowance":0,"planName":"Free","packages":[{"id":"10","priceCents":1000,"credits":333,"label":"$10 — 333 SMS"},{"id":"25","priceCents":2500,"credits":833,"label":"$25 — 833 SMS"},{"id":"50","priceCents":5000,"credits":1666,"label":"$50 — 1,666 SMS"}]}
2026-05-13 08:28:49 +00:00: 8:28:49 AM [express] GET /api/sms-inbox/conversations 304 in 5ms :: []
2026-05-13 08:28:52 +00:00: 8:28:52 AM [express] GET /api/billing/account-status 304 in 6ms :: {"accountStatus":"active","salonId":null,"suspendedAt":null,"lockedAt":null,"suspendedReason":null}
2026-05-13 08:28:52 +00:00: 8:28:52 AM [express] GET /api/intelligence/daily-digest 500 in 42ms :: {"error":"Failed to fetch daily digest"}
2026-05-13 08:28:54 +00:00: 8:28:54 AM [express] GET /api/intelligence/demo/status 200 in 8ms :: {"status":"cooldown","resetAt":1778665699127,"msLeft":4764995}
2026-05-13 08:29:00 +00:00: 8:29:00 AM [express] GET /api/intelligence/demo/status 200 in 6ms :: {"status":"cooldown","resetAt":1778665699127,"msLeft":4759007}
2026-05-13 08:29:06 +00:00: 8:29:06 AM [express] GET /api/intelligence/demo/status 200 in 6ms :: {"status":"cooldown","resetAt":1778665699127,"msLeft":4753010}
2026-05-13 08:29:12 +00:00: 8:29:12 AM [express] GET /api/intelligence/demo/status 200 in 6ms :: {"status":"cooldown","resetAt":1778665699127,"msLeft":4746997}
2026-05-13 08:29:18 +00:00: 8:29:18 AM [express] GET /api/intelligence/demo/status 200 in 6ms :: {"status":"cooldown","resetAt":1778665699127,"msLeft":4741000}
2026-05-13 08:29:19 +00:00: 8:29:19 AM [express] GET /api/sms-inbox/conversations 304 in 7ms :: []
2026-05-13 08:29:24 +00:00: 8:29:24 AM [express] GET /api/intelligence/demo/status 200 in 6ms :: {"status":"cooldown","resetAt":1778665699127,"msLeft":4734995}
2026-05-13 08:29:30 +00:00: 8:29:30 AM [express] GET /api/intelligence/demo/status 200 in 5ms :: {"status":"cooldown","resetAt":1778665699127,"msLeft":4729010}
2026-05-13 08:29:36 +00:00: 8:29:36 AM [express] GET /api/intelligence/demo/status 200 in 6ms :: {"status":"cooldown","resetAt":1778665699127,"msLeft":4723005}
2026-05-13 08:29:42 +00:00: 8:29:42 AM [express] GET /api/intelligence/demo/status 200 in 6ms :: {"status":"cooldown","resetAt":1778665699127,"msLeft":4716988}
2026-05-13 08:29:48 +00:00: 8:29:48 AM [express] GET /api/intelligence/demo/status 200 in 7ms :: {"status":"cooldown","resetAt":1778665699127,"msLeft":4711001}
2026-05-13 08:29:48 +00:00: 8:29:48 AM [express] GET /api/training/notifications 304 in 6ms :: {"notifications":[]}
2026-05-13 08:29:48 +00:00: 8:29:48 AM [express] GET /api/billing/sms-status/3 304 in 7ms :: {"smsAllowance":0,"smsCredits":0,"smsCreditsTotalPurchased":0,"planMonthlyAllowance":0,"planName":"Free","packages":[{"id":"10","priceCents":1000,"credits":333,"label":"$10 — 333 SMS"},{"id":"25","priceCents":2500,"credits":833,"label":"$25 — 833 SMS"},{"id":"50","priceCents":5000,"credits":1666,"label":"$50 — 1,666 SMS"}]}
2026-05-13 08:29:49 +00:00: 8:29:49 AM [express] GET /api/sms-inbox/conversations 304 in 5ms :: []
2026-05-13 08:29:54 +00:00: 8:29:54 AM [express] GET /api/intelligence/demo/status 200 in 7ms :: {"status":"cooldown","resetAt":1778665699127,"msLeft":4705010}
2026-05-13 08:30:00 +00:00: 8:30:00 AM [express] GET /api/intelligence/demo/status 200 in 6ms :: {"status":"cooldown","resetAt":1778665699127,"msLeft":4699004}
2026-05-13 08:30:06 +00:00: 8:30:06 AM [express] GET /api/intelligence/demo/status 200 in 6ms :: {"status":"cooldown","resetAt":1778665699127,"msLeft":4692998}
2026-05-13 08:30:12 +00:00: 8:30:12 AM [express] GET /api/intelligence/demo/status 200 in 5ms :: {"status":"cooldown","resetAt":1778665699127,"msLeft":4686997}
2026-05-13 08:30:18 +00:00: 8:30:18 AM [express] GET /api/intelligence/demo/status 200 in 6ms :: {"status":"cooldown","resetAt":1778665699127,"msLeft":4680999}
2026-05-13 08:30:19 +00:00: 8:30:19 AM [express] GET /api/sms-inbox/conversations 304 in 6ms :: []
2026-05-13 08:30:24 +00:00: 8:30:24 AM [express] GET /api/intelligence/demo/status 200 in 6ms :: {"status":"cooldown","resetAt":1778665699127,"msLeft":4675003}
2026-05-13 08:30:30 +00:00: 8:30:30 AM [express] GET /api/intelligence/demo/status 200 in 7ms :: {"status":"cooldown","resetAt":1778665699127,"msLeft":4669009}
2026-05-13 08:30:36 +00:00: 8:30:36 AM [express] GET /api/intelligence/demo/status 200 in 6ms :: {"status":"cooldown","resetAt":1778665699127,"msLeft":4663011}
2026-05-13 08:30:42 +00:00: 8:30:42 AM [express] GET /api/intelligence/demo/status 200 in 7ms :: {"status":"cooldown","resetAt":1778665699127,"msLeft":4656982}
2026-05-13 08:30:48 +00:00: 8:30:48 AM [express] GET /api/intelligence/demo/status 200 in 6ms :: {"status":"cooldown","resetAt":1778665699127,"msLeft":4651002}
2026-05-13 08:30:48 +00:00: 8:30:48 AM [express] GET /api/training/notifications 304 in 5ms :: {"notifications":[]}
2026-05-13 08:30:48 +00:00: 8:30:48 AM [express] GET /api/billing/sms-status/3 304 in 6ms :: {"smsAllowance":0,"smsCredits":0,"smsCreditsTotalPurchased":0,"planMonthlyAllowance":0,"planName":"Free","packages":[{"id":"10","priceCents":1000,"credits":333,"label":"$10 — 333 SMS"},{"id":"25","priceCents":2500,"credits":833,"label":"$25 — 833 SMS"},{"id":"50","priceCents":5000,"credits":1666,"label":"$50 — 1,666 SMS"}]}
2026-05-13 08:30:49 +00:00: 8:30:49 AM [express] GET /api/sms-inbox/conversations 304 in 5ms :: []
2026-05-13 08:30:54 +00:00: 8:30:54 AM [express] GET /api/intelligence/demo/status 200 in 5ms :: {"status":"cooldown","resetAt":1778665699127,"msLeft":4645007}
2026-05-13 08:31:00 +00:00: 8:31:00 AM [express] GET /api/intelligence/demo/status 200 in 5ms :: {"status":"cooldown","resetAt":1778665699127,"msLeft":4639015}
2026-05-13 08:31:06 +00:00: 8:31:06 AM [express] GET /api/intelligence/demo/status 200 in 6ms :: {"status":"cooldown","resetAt":1778665699127,"msLeft":4633009}
2026-05-13 08:31:12 +00:00: 8:31:12 AM [express] GET /api/intelligence/demo/status 200 in 6ms :: {"status":"cooldown","resetAt":1778665699127,"msLeft":4626997}
2026-05-13 08:31:19 +00:00: 8:31:19 AM [express] GET /api/intelligence/demo/status 200 in 6ms :: {"status":"cooldown","resetAt":1778665699127,"msLeft":4620074}
2026-05-13 08:31:25 +00:00: 8:31:25 AM [express] GET /api/intelligence/demo/status 200 in 6ms :: {"status":"cooldown","resetAt":1778665699127,"msLeft":4614072}
2026-05-13 08:31:31 +00:00: 8:31:31 AM [express] GET /api/intelligence/demo/status 200 in 5ms :: {"status":"cooldown","resetAt":1778665699127,"msLeft":4608075}
2026-05-13 08:31:37 +00:00: 8:31:37 AM [express] GET /api/intelligence/demo/status 200 in 7ms :: {"status":"cooldown","resetAt":1778665699127,"msLeft":4602063}
2026-05-13 08:31:43 +00:00: 8:31:43 AM [express] GET /api/intelligence/demo/status 200 in 7ms :: {"status":"cooldown","resetAt":1778665699127,"msLeft":4596068}
2026-05-13 08:31:49 +00:00: 8:31:49 AM [express] GET /api/intelligence/demo/status 200 in 6ms :: {"status":"cooldown","resetAt":1778665699127,"msLeft":4590076}
2026-05-13 08:31:55 +00:00: 8:31:55 AM [express] GET /api/intelligence/demo/status 200 in 6ms :: {"status":"cooldown","resetAt":1778665699127,"msLeft":4584080}
2026-05-13 08:32:01 +00:00: 8:32:01 AM [express] GET /api/intelligence/demo/status 200 in 7ms :: {"status":"cooldown","resetAt":1778665699127,"msLeft":4578069}
2026-05-13 08:32:07 +00:00: 8:32:07 AM [express] GET /api/intelligence/demo/status 200 in 7ms :: {"status":"cooldown","resetAt":1778665699127,"msLeft":4572084}
2026-05-13 08:32:13 +00:00: 8:32:13 AM [express] GET /api/intelligence/demo/status 200 in 6ms :: {"status":"cooldown","resetAt":1778665699127,"msLeft":4566079}
2026-05-13 08:32:42 +00:00: 8:32:42 AM [express] GET /api/intelligence/demo/status 200 in 24ms :: {"status":"cooldown","resetAt":1778665699127,"msLeft":4537036}
2026-05-13 08:33:42 +00:00: 8:33:42 AM [express] GET /api/intelligence/demo/status 200 in 23ms :: {"status":"cooldown","resetAt":1778665699127,"msLeft":4477036}
2026-05-13 08:33:42 +00:00: 8:33:42 AM [express] GET /api/training/state 304 in 25ms :: {"enrolled":true,"profile":{"userId":"2d91b70d-b8eb-4f8d-9253-88b99321969a","enrolledAt":"2026-05-11T17:38:30.411Z","graduatedAt":null,"graduationNotifiedOwner":false,"graduationStaffNotified":false,"day7DigestSentAt":null},"categories":[],"state":[],"settings":{"enabled":true,"autoEnrollNewStaff":true,"graduationMinDays":7,"showHelpBubbleAfterGraduation":true,"storeId":null}}
2026-05-13 08:33:49 +00:00: 8:33:49 AM [express] GET /api/training/state 304 in 8ms :: {"enrolled":true,"profile":{"userId":"2d91b70d-b8eb-4f8d-9253-88b99321969a","enrolledAt":"2026-05-11T17:38:30.411Z","graduatedAt":null,"graduationNotifiedOwner":false,"graduationStaffNotified":false,"day7DigestSentAt":null},"categories":[],"state":[],"settings":{"enabled":true,"autoEnrollNewStaff":true,"graduationMinDays":7,"showHelpBubbleAfterGraduation":true,"storeId":null}}
2026-05-13 08:34:42 +00:00: 8:34:42 AM [express] GET /api/intelligence/demo/status 200 in 18ms :: {"status":"cooldown","resetAt":1778665699127,"msLeft":4417031}
2026-05-13 08:34:47 +00:00: 8:34:47 AM [express] GET /api/intelligence/dashboard 304 in 47ms :: {"latestScore":{"id":50,"storeId":3,"overallScore":75,"retentionScore":65,"rebookingScore":100,"utilizationScore":100,"revenueScore":20,"newClientScore":100,"activeClients":395,"driftingClients":83,"atRiskClients":37,"avgRebookingRate":"79.25","seatUtilizationPct":"96.00","monthlyRevenue":"10148.00","snapshotDate":"2026-05-13T08:18:11.709Z"},"atRiskClients":[{"id":12506,"customerId":5576,"customerName":"Addison Taylor","customerPhone":"(737) 878-8822","churnRiskScore":50,"churnRiskLabel":"high","ltv12Month":"699.00","ltvScore":70,"daysSinceLast":105,"avgCadenceDays":"32.0","lastWinbackSentAt":null,"isDrifting":true,"isAtRisk":true},{"id":12509,"customerId":5579,"customerName":"Brooklyn Ramirez","customerPhone":"(305) 644-7079","churnRiskScore":50,"churnRiskLabel":"high","ltv12Month":"640.00","ltvScore":70,"daysSinceLast":111,"avgCadenceDays":"31.0","lastWinbackSentAt":null,"isDrifting":true,"isAtRisk":true},{"id":12530,"customerId":5600,"customerName":"William Johnson","customerPhone":"(404) 739-4892","churnRiskScore":50,"churnRiskLabel":"high","ltv12Month":"538.00","ltvScore":70,"daysSinceLast":124,"avgCadenceDays":"44.0","lastWinbackSentAt":null,"isDrifting":true,"isAtRisk":true},{"id":12521,"customerId":5591,"customerName":"Violet Harris","customerPhone":"(512) 492-5199","churnRiskScore":50,"churnRiskLabel":"high","ltv12Month":"520.00","ltvScore":70,"daysSinceLast":163,"avgCadenceDays":"30.0","lastWinbackSentAt":null,"isDrifting":true,"isAtRisk":true},{"id":12514,"customerId":5584,"customerName":"Eric Lopez","customerPhone":"(830) 880-4710","churnRiskScore":50,"churnRiskLabel":"high","ltv12Month":"509.00","ltvScore":70,"daysSinceLast":127,"avgCadenceDays":"29.0","lastWinbackSentAt":null,"isDrifting":true,"isAtRisk":true},{"id":12516,"customerId":5586,"customerName":"Violet Thompson","customerPhone":"(830) 752-1991","churnRiskScore":50,"churnRiskLabel":"high","ltv12Month":"490.00","ltvScore":55,"daysSinceLast":116,"avgCadenceDays":"40.0","lastWinbackSentAt":null,"isDrifting":true,"isAtRisk":true},{"id":12540,"customerId":5610,"customerName":"Violet Brown","customerPhone":"(737) 931-2580","churnRiskScore":50,"churnRiskLabel":"high","ltv12Month":"481.00","ltvScore":55,"daysSinceLast":115,"avgCadenceDays":"46.0","lastWinbackSentAt":null,"isDrifting":true,"isAtRisk":true},{"id":12536,"customerId":5606,"customerName":"Lillian Hernandez","customerPhone":"(305) 886-6937","churnRiskScore":50,"churnRiskLabel":"high","ltv12Month":"466.00","ltvScore":55,"daysSinceLast":133,"avgCadenceDays":"31.0","lastWinbackSentAt":null,"isDrifting":true,"isAtRisk":true},{"id":12510,"customerId":5580,"customerName":"Amelia White","customerPhone":"(213) 206-5678","churnRiskScore":50,"churnRiskLabel":"high","ltv12Month":"461.00","ltvScore":55,"daysSinceLast":138,"avgCadenceDays":"30.0","lastWinbackSentAt":null,"isDrifting":true,"isAtRisk":true},{"id":12513,"customerId":5583,"customerName":"Jeffrey Moore","customerPhone":"(210) 639-6787","churnRiskScore":50,"churnRiskLabel":"high","ltv12Month":"448.00","ltvScore":55,"daysSinceLast":147,"avgCadenceDays":"39.0","lastWinbackSentAt":null,"isDrifting":true,"isAtRisk":true},{"id":12520,"customerId":5590,"customerName":"Brian Hall","customerPhone":"(404) 333-1852","churnRiskScore":50,"churnRiskLabel":"high","ltv12Month":"446.00","ltvScore":55,"daysSinceLast":110,"avgCadenceDays":"37.0","lastWinbackSentAt":null,"isDrifting":true,"isAtRisk":true},{"id":12523,"customerId":5593,"customerName":"Sarah Adams","customerPhone":"(737) 940-6158","churnRiskScore":50,"churnRiskLabel":"high","ltv12Month":"440.00","ltvScore":55,"daysSinceLast":127,"avgCadenceDays":"32.0","lastWinbackSentAt":null,"isDrifting":true,"isAtRisk":true},{"id":12517,"customerId":5587,"customerName":"Eleanor Thompson","customerPhone":"(213) 472-2735","churnRiskScore":50,"churnRiskLabel":"high","ltv12Month":"435.00","ltvScore":55,"daysSinceLast":110,"avgCadenceDays":"38.0","lastWinbackSentAt":null,"isDrifting":true,"isAtRisk":true},{"id":12538,"customerId":5608,"customerName":"Paisley Thomas","customerPhone":"(305) 852-1241","churnRiskScore":50,"churnRiskLabel":"high","ltv12Month":"435.00","ltvScore":55,"daysSinceLast":119,"avgCadenceDays":"31.0","lastWinbackSentAt":null,"isDrifting":true,"isAtRisk":true},{"id":12511,"customerId":5581,"customerName":"Camila Martinez","customerPhone":"(956) 250-1596","churnRiskScore":50,"churnRiskLabel":"high","ltv12Month":"405.00","ltvScore":55,"daysSinceLast":116,"avgCadenceDays":"41.0","lastWinbackSentAt":null,"isDrifting":true,"isAtRisk":true},{"id":12451,"customerId":5521,"customerName":"Harper Green","customerPhone":"(956) 643-4752","churnRiskScore":40,"churnRiskLabel":"medium","ltv12Month":"405.00","ltvScore":55,"daysSinceLast":50,"avgCadenceDays":"29.0","lastWinbackSentAt":null,"isDrifting":true,"isAtRisk":false},{"id":12518,"customerId":5588,"customerName":"Lucy Baker","customerPhone":"(404) 464-7970","churnRiskScore":50,"churnRiskLabel":"high","ltv12Month":"404.00","ltvScore":55,"daysSinceLast":122,"avgCadenceDays":"31.0","lastWinbackSentAt":null,"isDrifting":true,"isAtRisk":true},{"id":12529,"customerId":5599,"customerName":"Victoria Hall","customerPhone":"(213) 374-5961","churnRiskScore":50,"churnRiskLabel":"high","ltv12Month":"400.00","ltvScore":55,"daysSinceLast":147,"avgCadenceDays":"33.0","lastWinbackSentAt":null,"isDrifting":true,"isAtRisk":true},{"id":12533,"customerId":5603,"customerName":"Evelyn White","customerPhone":"(404) 461-9004","churnRiskScore":50,"churnRiskLabel":"high","ltv12Month":"394.00","ltvScore":55,"daysSinceLast":142,"avgCadenceDays":"45.0","lastWinbackSentAt":null,"isDrifting":true,"isAtRisk":true},{"id":12532,"customerId":5602,"customerName":"Steven Wright","customerPhone":"(213) 363-3486","churnRiskScore":50,"churnRiskLabel":"high","ltv12Month":"377.00","ltvScore":55,"daysSinceLast":157,"avgCadenceDays":"46.0","lastWinbackSentAt":null,"isDrifting":true,"isAtRisk":true}],"scoreHistory":[{"score":75,"date":"2026-05-13T08:18:11.709Z"}],"recentInterventions":[],"summary":{"totalClients":395,"driftingClients":83,"atRiskClients":37,"avgLtv12Month":285.1291139240506,"lastComputedAt":"2026-05-13T08:18:11.709Z"}}
2026-05-13 08:34:47 +00:00: 8:34:47 AM [express] GET /api/auth/user 304 in 65ms :: {"id":"2d91b70d-b8eb-4f8d-9253-88b99321969a","email":"nail-demo@certxa.com","googleId":null,"firstName":"Jessica","lastName":"Tran","profileImageUrl":null,"role":"owner","isAdmin":false,"staffId":null,"permissions":["appointments.viewAll","appointments.viewOwn","appointments.edit","appointments.delete","appointments.cancel","appointments.overrideRules","waitlist.access","customers.view","customers.viewContact","customers.edit","customers.delete","customers.export","customers.import","services.manage","products.manage","pricing.view","pricing.edit","inventory.manage","staff.manage","staff.permissionsManage","staff.invite","staff.remove","reports.view","reports.financial","reports.export","commissions.viewAll","commissions.viewOwn","pos.use","checkout.clients","payments.view","refunds.issue","discounts.apply","void.transactions","cashDrawer.view","cashDrawer.close","marketing.sms","marketing.email","marketing.reviewRequests","giftCards.manage","loyalty.manage","intakeForms.manage","store.settings","store.delete","integrations.manage","billing.manage"],"onboardingCompleted":true,"passwordChanged":false,"createdAt":"2026-05-11T17:18:15.283Z","updatedAt":"2026-05-11T17:18:15.283Z","subscriptionStatus":"active","trialStartedAt":null,"trialEndsAt":null,"accountType":null}
2026-05-13 08:34:47 +00:00: 8:34:47 AM [express] GET /api/intelligence/revenue-leakage 304 in 62ms :: {"period":"Last 90 days","totalLeakage":3420,"breakdown":{"noShowLoss":2937,"noShowCount":47,"cancellationLoss":350,"cancellationCount":8,"discountLoss":0,"discountCount":0,"deadSeatLoss":398,"deadSeatEstimate":true},"leakageByMonth":[{"month":"Mar 26","noShowLoss":1562,"cancellationLoss":219,"discountLoss":0},{"month":"Apr 26","noShowLoss":812,"cancellationLoss":87,"discountLoss":0},{"month":"May 26","noShowLoss":250,"cancellationLoss":0,"discountLoss":0}],"topLeakageServices":[{"serviceName":"Express Treatment","noShowCount":13,"estimatedLoss":812},{"serviceName":"Deluxe Service","noShowCount":10,"estimatedLoss":625},{"serviceName":"Premium Package","noShowCount":7,"estimatedLoss":437},{"serviceName":"Maintenance Service","noShowCount":7,"estimatedLoss":437},{"serviceName":"Full Treatment","noShowCount":5,"estimatedLoss":312}],"recoveryPotential":1368,"recommendations":["Enable SMS reminders 24 hours before appointments to reduce no-shows","Send cancellation recovery messages to fill last-minute open slots"]}
2026-05-13 08:34:47 +00:00: 8:34:47 AM [express] GET /api/stores 304 in 72ms :: [{"id":3,"name":"Luxe Nails & Spa","timezone":"America/Chicago","address":"2201 S Lamar Blvd, Suite 104","phone":"(512) 555-0199","email":"hello@luxenailspa.com","category":"Nail Salon","city":"Austin","state":"TX","postcode":"78704","bookingSlug":"luxe-nails-spa-demo","bookingTheme":"simple","commissionPayoutFrequency":"monthly","smsTokens":0,"smsAllowance":0,"smsCredits":0,"smsCreditsTotalPurchased":0,"userId":"2d91b70d-b8eb-4f8d-9253-88b99321969a","accountStatus":"Active","storeLatitude":null,"storeLongitude":null,"yelpAlias":null,"facebookPageId":null,"lateGracePeriodMinutes":10,"cancellationHoursCutoff":24,"posEnabled":true,"isTrainingSandbox":false,"sandboxParentStoreId":null,"weeklyDigestOptOut":false}]
2026-05-13 08:34:47 +00:00: 8:34:47 AM [express] GET /api/billing/account-status 304 in 71ms :: {"accountStatus":"active","salonId":null,"suspendedAt":null,"lockedAt":null,"suspendedReason":null}
2026-05-13 08:34:47 +00:00: 8:34:47 AM [express] GET /api/intelligence/digest-preferences 304 in 69ms :: {"optOut":false}
2026-05-13 08:34:47 +00:00: 8:34:47 AM [express] GET /api/billing/sms-status/3 304 in 77ms :: {"smsAllowance":0,"smsCredits":0,"smsCreditsTotalPurchased":0,"planMonthlyAllowance":0,"planName":"Free","packages":[{"id":"10","priceCents":1000,"credits":333,"label":"$10 — 333 SMS"},{"id":"25","priceCents":2500,"credits":833,"label":"$25 — 833 SMS"},{"id":"50","priceCents":5000,"credits":1666,"label":"$50 — 1,666 SMS"}]}
2026-05-13 08:34:47 +00:00: 8:34:47 AM [express] GET /api/intelligence/auto-engage 304 in 88ms :: {"enabled":true}
2026-05-13 08:34:47 +00:00: 8:34:47 AM [express] GET /api/sms-inbox/conversations 304 in 70ms :: []
2026-05-13 08:34:47 +00:00: 8:34:47 AM [express] GET /api/training/notifications 304 in 125ms :: {"notifications":[]}
2026-05-13 08:34:47 +00:00: 8:34:47 AM [express] GET /api/intelligence/growth-score 304 in 138ms :: {"snapshot":{"id":50,"storeId":3,"overallScore":75,"retentionScore":65,"rebookingScore":100,"utilizationScore":100,"revenueScore":20,"newClientScore":100,"activeClients":395,"driftingClients":83,"atRiskClients":37,"avgRebookingRate":"79.25","seatUtilizationPct":"96.00","monthlyRevenue":"10148.00","snapshotDate":"2026-05-13T08:18:11.709Z"},"history":[{"id":50,"storeId":3,"overallScore":75,"retentionScore":65,"rebookingScore":100,"utilizationScore":100,"revenueScore":20,"newClientScore":100,"activeClients":395,"driftingClients":83,"atRiskClients":37,"avgRebookingRate":"79.25","seatUtilizationPct":"96.00","monthlyRevenue":"10148.00","snapshotDate":"2026-05-13T08:18:11.709Z"}],"live":{"hasData":true,"overallScore":70,"grade":"B","components":{"retention":{"score":65,"label":"Moderate","detail":"83 drifting, 37 at risk"},"rebooking":{"score":80,"label":"Strong","detail":"58% avg rebooking rate"},"utilization":{"score":100,"label":"Strong","detail":"96% seat fill rate"},"revenue":{"score":20,"label":"Declining","detail":"-24% vs last month"},"newClients":{"score":100,"label":"Strong","detail":"212 new clients this month"}},"insights":["83 clients are drifting — a win-back campaign could recover revenue","Revenue is down 24% from last month","37 high-value clients are at churn risk"],"activeClients":395,"driftingClients":83,"atRiskClients":37,"monthlyRevenue":10148,"avgRebookingRate":57.924050632911396,"seatUtilizationPct":96}}
2026-05-13 08:34:47 +00:00: 8:34:47 AM [express] GET /api/billing/subscription/3 304 in 126ms :: {"active":false,"status":"none"}
2026-05-13 08:34:47 +00:00: 8:34:47 AM [express] GET /api/intelligence/daily-digest 500 in 136ms :: {"error":"Failed to fetch daily digest"}
2026-05-13 08:34:47 +00:00: 8:34:47 AM [express] GET /api/billing/sms-status/3 304 in 14ms :: {"smsAllowance":0,"smsCredits":0,"smsCreditsTotalPurchased":0,"planMonthlyAllowance":0,"planName":"Free","packages":[{"id":"10","priceCents":1000,"credits":333,"label":"$10 — 333 SMS"},{"id":"25","priceCents":2500,"credits":833,"label":"$25 — 833 SMS"},{"id":"50","priceCents":5000,"credits":1666,"label":"$50 — 1,666 SMS"}]}
2026-05-13 08:34:48 +00:00: 8:34:48 AM [express] GET /api/intelligence/demo/status 200 in 6ms :: {"status":"cooldown","resetAt":1778665699127,"msLeft":4411006}
2026-05-13 08:34:55 +00:00: 8:34:55 AM [express] GET /api/intelligence/demo/status 200 in 7ms :: {"status":"cooldown","resetAt":1778665699127,"msLeft":4404083}
2026-05-13 08:35:01 +00:00: 8:35:01 AM [express] GET /api/intelligence/demo/status 200 in 7ms :: {"status":"cooldown","resetAt":1778665699127,"msLeft":4398073}
2026-05-13 08:35:07 +00:00: 8:35:07 AM [express] GET /api/intelligence/demo/status 200 in 5ms :: {"status":"cooldown","resetAt":1778665699127,"msLeft":4392076}
2026-05-13 08:35:13 +00:00: 8:35:13 AM [express] GET /api/intelligence/demo/status 200 in 5ms :: {"status":"cooldown","resetAt":1778665699127,"msLeft":4386079}
2026-05-13 08:35:19 +00:00: 8:35:19 AM [express] GET /api/intelligence/demo/status 200 in 6ms :: {"status":"cooldown","resetAt":1778665699127,"msLeft":4380068}
2026-05-13 08:35:25 +00:00: 8:35:25 AM [express] GET /api/intelligence/demo/status 200 in 6ms :: {"status":"cooldown","resetAt":1778665699127,"msLeft":4374080}
2026-05-13 08:35:31 +00:00: 8:35:31 AM [express] GET /api/intelligence/demo/status 200 in 7ms :: {"status":"cooldown","resetAt":1778665699127,"msLeft":4368070}
2026-05-13 08:35:37 +00:00: 8:35:37 AM [express] GET /api/intelligence/demo/status 200 in 7ms :: {"status":"cooldown","resetAt":1778665699127,"msLeft":4362076}
2026-05-13 08:35:43 +00:00: 8:35:43 AM [express] GET /api/intelligence/demo/status 200 in 6ms :: {"status":"cooldown","resetAt":1778665699127,"msLeft":4356080}
2026-05-13 08:35:49 +00:00: 8:35:49 AM [express] GET /api/intelligence/demo/status 200 in 7ms :: {"status":"cooldown","resetAt":1778665699127,"msLeft":4350071}
2026-05-13 08:36:42 +00:00: 8:36:42 AM [express] GET /api/intelligence/demo/status 200 in 20ms :: {"status":"cooldown","resetAt":1778665699127,"msLeft":4297060}
2026-05-13 08:37:42 +00:00: 8:37:42 AM [express] GET /api/intelligence/demo/status 200 in 22ms :: {"status":"cooldown","resetAt":1778665699127,"msLeft":4237051}
2026-05-13 08:38:42 +00:00: 8:38:42 AM [express] GET /api/intelligence/demo/status 200 in 21ms :: {"status":"cooldown","resetAt":1778665699127,"msLeft":4177069}
2026-05-13 08:38:42 +00:00: 8:38:42 AM [express] GET /api/training/state 304 in 23ms :: {"enrolled":true,"profile":{"userId":"2d91b70d-b8eb-4f8d-9253-88b99321969a","enrolledAt":"2026-05-11T17:38:30.411Z","graduatedAt":null,"graduationNotifiedOwner":false,"graduationStaffNotified":false,"day7DigestSentAt":null},"categories":[],"state":[],"settings":{"enabled":true,"autoEnrollNewStaff":true,"graduationMinDays":7,"showHelpBubbleAfterGraduation":true,"storeId":null}}
2026-05-13 08:38:49 +00:00: 8:38:49 AM [express] GET /api/training/state 304 in 8ms :: {"enrolled":true,"profile":{"userId":"2d91b70d-b8eb-4f8d-9253-88b99321969a","enrolledAt":"2026-05-11T17:38:30.411Z","graduatedAt":null,"graduationNotifiedOwner":false,"graduationStaffNotified":false,"day7DigestSentAt":null},"categories":[],"state":[],"settings":{"enabled":true,"autoEnrollNewStaff":true,"graduationMinDays":7,"showHelpBubbleAfterGraduation":true,"storeId":null}}
2026-05-13 08:39:42 +00:00: 8:39:42 AM [express] GET /api/intelligence/demo/status 200 in 19ms :: {"status":"cooldown","resetAt":1778665699127,"msLeft":4117001}
2026-05-13 08:40:42 +00:00: 8:40:42 AM [express] GET /api/intelligence/demo/status 200 in 21ms :: {"status":"cooldown","resetAt":1778665699127,"msLeft":4057024}
2026-05-13 08:41:42 +00:00: 8:41:42 AM [express] GET /api/intelligence/demo/status 200 in 19ms :: {"status":"cooldown","resetAt":1778665699127,"msLeft":3997042}
2026-05-13 08:42:42 +00:00: 8:42:42 AM [express] GET /api/intelligence/demo/status 200 in 18ms :: {"status":"cooldown","resetAt":1778665699127,"msLeft":3937036}
2026-05-13 08:43:42 +00:00: 8:43:42 AM [express] GET /api/training/state 304 in 23ms :: {"enrolled":true,"profile":{"userId":"2d91b70d-b8eb-4f8d-9253-88b99321969a","enrolledAt":"2026-05-11T17:38:30.411Z","graduatedAt":null,"graduationNotifiedOwner":false,"graduationStaffNotified":false,"day7DigestSentAt":null},"categories":[],"state":[],"settings":{"enabled":true,"autoEnrollNewStaff":true,"graduationMinDays":7,"showHelpBubbleAfterGraduation":true,"storeId":null}}
2026-05-13 08:43:42 +00:00: 8:43:42 AM [express] GET /api/intelligence/demo/status 200 in 6ms :: {"status":"cooldown","resetAt":1778665699127,"msLeft":3877041}
2026-05-13 08:43:49 +00:00: 8:43:49 AM [express] GET /api/training/state 304 in 7ms :: {"enrolled":true,"profile":{"userId":"2d91b70d-b8eb-4f8d-9253-88b99321969a","enrolledAt":"2026-05-11T17:38:30.411Z","graduatedAt":null,"graduationNotifiedOwner":false,"graduationStaffNotified":false,"day7DigestSentAt":null},"categories":[],"state":[],"settings":{"enabled":true,"autoEnrollNewStaff":true,"graduationMinDays":7,"showHelpBubbleAfterGraduation":true,"storeId":null}}
2026-05-13 08:44:42 +00:00: 8:44:42 AM [express] GET /api/intelligence/demo/status 200 in 19ms :: {"status":"cooldown","resetAt":1778665699127,"msLeft":3816989}
2026-05-13 08:45:42 +00:00: 8:45:42 AM [express] GET /api/intelligence/demo/status 200 in 19ms :: {"status":"cooldown","resetAt":1778665699127,"msLeft":3756998}
2026-05-13 08:46:42 +00:00: 8:46:42 AM [express] GET /api/intelligence/demo/status 200 in 20ms :: {"status":"cooldown","resetAt":1778665699127,"msLeft":3697048}
2026-05-13 08:47:42 +00:00: 8:47:42 AM [express] GET /api/intelligence/demo/status 200 in 20ms :: {"status":"cooldown","resetAt":1778665699127,"msLeft":3637018}
2026-05-13 08:48:42 +00:00: 8:48:42 AM [express] GET /api/intelligence/demo/status 200 in 19ms :: {"status":"cooldown","resetAt":1778665699127,"msLeft":3577049}
2026-05-13 08:48:42 +00:00: 8:48:42 AM [express] GET /api/training/state 304 in 21ms :: {"enrolled":true,"profile":{"userId":"2d91b70d-b8eb-4f8d-9253-88b99321969a","enrolledAt":"2026-05-11T17:38:30.411Z","graduatedAt":null,"graduationNotifiedOwner":false,"graduationStaffNotified":false,"day7DigestSentAt":null},"categories":[],"state":[],"settings":{"enabled":true,"autoEnrollNewStaff":true,"graduationMinDays":7,"showHelpBubbleAfterGraduation":true,"storeId":null}}
2026-05-13 08:49:42 +00:00: 8:49:42 AM [express] GET /api/intelligence/demo/status 200 in 22ms :: {"status":"cooldown","resetAt":1778665699127,"msLeft":3517032}
2026-05-13 08:49:42 +00:00: 8:49:42 AM [express] GET /api/training/state 304 in 21ms :: {"enrolled":true,"profile":{"userId":"2d91b70d-b8eb-4f8d-9253-88b99321969a","enrolledAt":"2026-05-11T17:38:30.411Z","graduatedAt":null,"graduationNotifiedOwner":false,"graduationStaffNotified":false,"day7DigestSentAt":null},"categories":[],"state":[],"settings":{"enabled":true,"autoEnrollNewStaff":true,"graduationMinDays":7,"showHelpBubbleAfterGraduation":true,"storeId":null}}
2026-05-13 08:50:42 +00:00: 8:50:42 AM [express] GET /api/intelligence/demo/status 200 in 18ms :: {"status":"cooldown","resetAt":1778665699127,"msLeft":3457016}
2026-05-13 08:51:42 +00:00: 8:51:42 AM [express] GET /api/intelligence/demo/status 200 in 18ms :: {"status":"cooldown","resetAt":1778665699127,"msLeft":3397029}
2026-05-13 08:52:42 +00:00: 8:52:42 AM [express] GET /api/intelligence/demo/status 200 in 18ms :: {"status":"cooldown","resetAt":1778665699127,"msLeft":3337041}
2026-05-13 08:53:42 +00:00: 8:53:42 AM [express] GET /api/training/state 304 in 21ms :: {"enrolled":true,"profile":{"userId":"2d91b70d-b8eb-4f8d-9253-88b99321969a","enrolledAt":"2026-05-11T17:38:30.411Z","graduatedAt":null,"graduationNotifiedOwner":false,"graduationStaffNotified":false,"day7DigestSentAt":null},"categories":[],"state":[],"settings":{"enabled":true,"autoEnrollNewStaff":true,"graduationMinDays":7,"showHelpBubbleAfterGraduation":true,"storeId":null}}
2026-05-13 08:53:42 +00:00: 8:53:42 AM [express] GET /api/intelligence/demo/status 200 in 6ms :: {"status":"cooldown","resetAt":1778665699127,"msLeft":3277054}
2026-05-13 08:54:42 +00:00: 8:54:42 AM [express] GET /api/intelligence/demo/status 200 in 19ms :: {"status":"cooldown","resetAt":1778665699127,"msLeft":3217023}
2026-05-13 08:54:42 +00:00: 8:54:42 AM [express] GET /api/training/state 304 in 22ms :: {"enrolled":true,"profile":{"userId":"2d91b70d-b8eb-4f8d-9253-88b99321969a","enrolledAt":"2026-05-11T17:38:30.411Z","graduatedAt":null,"graduationNotifiedOwner":false,"graduationStaffNotified":false,"day7DigestSentAt":null},"categories":[],"state":[],"settings":{"enabled":true,"autoEnrollNewStaff":true,"graduationMinDays":7,"showHelpBubbleAfterGraduation":true,"storeId":null}}
2026-05-13 08:55:42 +00:00: 8:55:42 AM [express] GET /api/intelligence/demo/status 200 in 19ms :: {"status":"cooldown","resetAt":1778665699127,"msLeft":3156920}
2026-05-13 08:56:42 +00:00: 8:56:42 AM [express] GET /api/intelligence/demo/status 200 in 17ms :: {"status":"cooldown","resetAt":1778665699127,"msLeft":3097040}
2026-05-13 08:57:42 +00:00: 8:57:42 AM [express] GET /api/intelligence/demo/status 200 in 21ms :: {"status":"cooldown","resetAt":1778665699127,"msLeft":3037043}
2026-05-13 08:58:42 +00:00: 8:58:42 AM [express] GET /api/training/state 304 in 27ms :: {"enrolled":true,"profile":{"userId":"2d91b70d-b8eb-4f8d-9253-88b99321969a","enrolledAt":"2026-05-11T17:38:30.411Z","graduatedAt":null,"graduationNotifiedOwner":false,"graduationStaffNotified":false,"day7DigestSentAt":null},"categories":[],"state":[],"settings":{"enabled":true,"autoEnrollNewStaff":true,"graduationMinDays":7,"showHelpBubbleAfterGraduation":true,"storeId":null}}
2026-05-13 08:58:42 +00:00: 8:58:42 AM [express] GET /api/intelligence/demo/status 200 in 19ms :: {"status":"cooldown","resetAt":1778665699127,"msLeft":2977043}
2026-05-13 08:59:42 +00:00: 8:59:42 AM [express] GET /api/intelligence/demo/status 200 in 23ms :: {"status":"cooldown","resetAt":1778665699127,"msLeft":2917011}
2026-05-13 08:59:42 +00:00: 8:59:42 AM [express] GET /api/training/state 304 in 24ms :: {"enrolled":true,"profile":{"userId":"2d91b70d-b8eb-4f8d-9253-88b99321969a","enrolledAt":"2026-05-11T17:38:30.411Z","graduatedAt":null,"graduationNotifiedOwner":false,"graduationStaffNotified":false,"day7DigestSentAt":null},"categories":[],"state":[],"settings":{"enabled":true,"autoEnrollNewStaff":true,"graduationMinDays":7,"showHelpBubbleAfterGraduation":true,"storeId":null}}
2026-05-13 09:00:42 +00:00: 9:00:42 AM [express] GET /api/intelligence/demo/status 200 in 19ms :: {"status":"cooldown","resetAt":1778665699127,"msLeft":2857017}
2026-05-13 09:01:42 +00:00: 9:01:42 AM [express] GET /api/intelligence/demo/status 200 in 18ms :: {"status":"cooldown","resetAt":1778665699127,"msLeft":2796944}
2026-05-13 09:02:42 +00:00: 9:02:42 AM [express] GET /api/intelligence/demo/status 200 in 19ms :: {"status":"cooldown","resetAt":1778665699127,"msLeft":2737050}
2026-05-13 09:03:26 +00:00: [SMS] Processed 1 reminder(s)
2026-05-13 09:03:26 +00:00: [Email] Processed 1 reminder(s)
2026-05-13 09:03:42 +00:00: 9:03:42 AM [express] GET /api/training/state 304 in 25ms :: {"enrolled":true,"profile":{"userId":"2d91b70d-b8eb-4f8d-9253-88b99321969a","enrolledAt":"2026-05-11T17:38:30.411Z","graduatedAt":null,"graduationNotifiedOwner":false,"graduationStaffNotified":false,"day7DigestSentAt":null},"categories":[],"state":[],"settings":{"enabled":true,"autoEnrollNewStaff":true,"graduationMinDays":7,"showHelpBubbleAfterGraduation":true,"storeId":null}}
2026-05-13 09:03:42 +00:00: 9:03:42 AM [express] GET /api/intelligence/demo/status 200 in 19ms :: {"status":"cooldown","resetAt":1778665699127,"msLeft":2677053}
2026-05-13 09:04:42 +00:00: 9:04:42 AM [express] GET /api/intelligence/demo/status 200 in 19ms :: {"status":"cooldown","resetAt":1778665699127,"msLeft":2617044}
2026-05-13 09:04:42 +00:00: 9:04:42 AM [express] GET /api/training/state 304 in 21ms :: {"enrolled":true,"profile":{"userId":"2d91b70d-b8eb-4f8d-9253-88b99321969a","enrolledAt":"2026-05-11T17:38:30.411Z","graduatedAt":null,"graduationNotifiedOwner":false,"graduationStaffNotified":false,"day7DigestSentAt":null},"categories":[],"state":[],"settings":{"enabled":true,"autoEnrollNewStaff":true,"graduationMinDays":7,"showHelpBubbleAfterGraduation":true,"storeId":null}}
2026-05-13 09:05:42 +00:00: 9:05:42 AM [express] GET /api/intelligence/demo/status 200 in 20ms :: {"status":"cooldown","resetAt":1778665699127,"msLeft":2557040}
2026-05-13 09:06:42 +00:00: 9:06:42 AM [express] GET /api/intelligence/demo/status 200 in 7ms :: {"status":"cooldown","resetAt":1778665699127,"msLeft":2497060}
2026-05-13 09:07:42 +00:00: 9:07:42 AM [express] GET /api/intelligence/demo/status 200 in 20ms :: {"status":"cooldown","resetAt":1778665699127,"msLeft":2437059}
2026-05-13 09:08:26 +00:00: [SMS] Processed 1 reminder(s)
2026-05-13 09:08:26 +00:00: [Email] Processed 1 reminder(s)
2026-05-13 09:08:42 +00:00: 9:08:42 AM [express] GET /api/training/state 304 in 22ms :: {"enrolled":true,"profile":{"userId":"2d91b70d-b8eb-4f8d-9253-88b99321969a","enrolledAt":"2026-05-11T17:38:30.411Z","graduatedAt":null,"graduationNotifiedOwner":false,"graduationStaffNotified":false,"day7DigestSentAt":null},"categories":[],"state":[],"settings":{"enabled":true,"autoEnrollNewStaff":true,"graduationMinDays":7,"showHelpBubbleAfterGraduation":true,"storeId":null}}
2026-05-13 09:08:42 +00:00: 9:08:42 AM [express] GET /api/intelligence/demo/status 200 in 21ms :: {"status":"cooldown","resetAt":1778665699127,"msLeft":2377055}
2026-05-13 09:09:42 +00:00: 9:09:42 AM [express] GET /api/intelligence/demo/status 200 in 30ms :: {"status":"cooldown","resetAt":1778665699127,"msLeft":2317017}
2026-05-13 09:09:42 +00:00: 9:09:42 AM [express] GET /api/training/state 304 in 33ms :: {"enrolled":true,"profile":{"userId":"2d91b70d-b8eb-4f8d-9253-88b99321969a","enrolledAt":"2026-05-11T17:38:30.411Z","graduatedAt":null,"graduationNotifiedOwner":false,"graduationStaffNotified":false,"day7DigestSentAt":null},"categories":[],"state":[],"settings":{"enabled":true,"autoEnrollNewStaff":true,"graduationMinDays":7,"showHelpBubbleAfterGraduation":true,"storeId":null}}
2026-05-13 09:10:42 +00:00: 9:10:42 AM [express] GET /api/intelligence/demo/status 200 in 19ms :: {"status":"cooldown","resetAt":1778665699127,"msLeft":2257048}
2026-05-13 09:11:42 +00:00: 9:11:42 AM [express] GET /api/intelligence/demo/status 200 in 19ms :: {"status":"cooldown","resetAt":1778665699127,"msLeft":2196991}
2026-05-13 09:12:42 +00:00: 9:12:42 AM [express] GET /api/intelligence/demo/status 200 in 19ms :: {"status":"cooldown","resetAt":1778665699127,"msLeft":2137013}
2026-05-13 09:13:26 +00:00: [SMS] Processed 1 reminder(s)
2026-05-13 09:13:26 +00:00: [Email] Processed 1 reminder(s)
2026-05-13 09:13:42 +00:00: 9:13:42 AM [express] GET /api/training/state 304 in 21ms :: {"enrolled":true,"profile":{"userId":"2d91b70d-b8eb-4f8d-9253-88b99321969a","enrolledAt":"2026-05-11T17:38:30.411Z","graduatedAt":null,"graduationNotifiedOwner":false,"graduationStaffNotified":false,"day7DigestSentAt":null},"categories":[],"state":[],"settings":{"enabled":true,"autoEnrollNewStaff":true,"graduationMinDays":7,"showHelpBubbleAfterGraduation":true,"storeId":null}}
2026-05-13 09:13:42 +00:00: 9:13:42 AM [express] GET /api/intelligence/demo/status 200 in 5ms :: {"status":"cooldown","resetAt":1778665699127,"msLeft":2077041}
2026-05-13 09:14:42 +00:00: 9:14:42 AM [express] GET /api/intelligence/demo/status 200 in 19ms :: {"status":"cooldown","resetAt":1778665699127,"msLeft":2017044}
2026-05-13 09:14:42 +00:00: 9:14:42 AM [express] GET /api/training/state 304 in 19ms :: {"enrolled":true,"profile":{"userId":"2d91b70d-b8eb-4f8d-9253-88b99321969a","enrolledAt":"2026-05-11T17:38:30.411Z","graduatedAt":null,"graduationNotifiedOwner":false,"graduationStaffNotified":false,"day7DigestSentAt":null},"categories":[],"state":[],"settings":{"enabled":true,"autoEnrollNewStaff":true,"graduationMinDays":7,"showHelpBubbleAfterGraduation":true,"storeId":null}}
2026-05-13 09:15:42 +00:00: 9:15:42 AM [express] GET /api/intelligence/demo/status 200 in 19ms :: {"status":"cooldown","resetAt":1778665699127,"msLeft":1957037}
2026-05-13 09:16:42 +00:00: 9:16:42 AM [express] GET /api/intelligence/demo/status 200 in 30ms :: {"status":"cooldown","resetAt":1778665699127,"msLeft":1897047}
2026-05-13 09:17:42 +00:00: 9:17:42 AM [express] GET /api/intelligence/demo/status 200 in 19ms :: {"status":"cooldown","resetAt":1778665699127,"msLeft":1837048}
2026-05-13 09:18:26 +00:00: [SMS] Processed 1 reminder(s)
2026-05-13 09:18:26 +00:00: [Email] Processed 1 reminder(s)
2026-05-13 09:18:42 +00:00: 9:18:42 AM [express] GET /api/training/state 304 in 19ms :: {"enrolled":true,"profile":{"userId":"2d91b70d-b8eb-4f8d-9253-88b99321969a","enrolledAt":"2026-05-11T17:38:30.411Z","graduatedAt":null,"graduationNotifiedOwner":false,"graduationStaffNotified":false,"day7DigestSentAt":null},"categories":[],"state":[],"settings":{"enabled":true,"autoEnrollNewStaff":true,"graduationMinDays":7,"showHelpBubbleAfterGraduation":true,"storeId":null}}
2026-05-13 09:18:42 +00:00: 9:18:42 AM [express] GET /api/intelligence/demo/status 200 in 17ms :: {"status":"cooldown","resetAt":1778665699127,"msLeft":1777048}
2026-05-13 09:19:42 +00:00: 9:19:42 AM [express] GET /api/intelligence/demo/status 200 in 22ms :: {"status":"cooldown","resetAt":1778665699127,"msLeft":1717019}
2026-05-13 09:19:42 +00:00: 9:19:42 AM [express] GET /api/training/state 304 in 23ms :: {"enrolled":true,"profile":{"userId":"2d91b70d-b8eb-4f8d-9253-88b99321969a","enrolledAt":"2026-05-11T17:38:30.411Z","graduatedAt":null,"graduationNotifiedOwner":false,"graduationStaffNotified":false,"day7DigestSentAt":null},"categories":[],"state":[],"settings":{"enabled":true,"autoEnrollNewStaff":true,"graduationMinDays":7,"showHelpBubbleAfterGraduation":true,"storeId":null}}
2026-05-13 09:20:42 +00:00: 9:20:42 AM [express] GET /api/intelligence/demo/status 200 in 19ms :: {"status":"cooldown","resetAt":1778665699127,"msLeft":1657016}
2026-05-13 09:21:42 +00:00: 9:21:42 AM [express] GET /api/intelligence/demo/status 200 in 21ms :: {"status":"cooldown","resetAt":1778665699127,"msLeft":1597034}
2026-05-13 09:22:42 +00:00: 9:22:42 AM [express] GET /api/intelligence/demo/status 200 in 19ms :: {"status":"cooldown","resetAt":1778665699127,"msLeft":1537055}
2026-05-13 09:23:26 +00:00: [SMS] Processed 1 reminder(s)
2026-05-13 09:23:26 +00:00: [Email] Processed 1 reminder(s)
2026-05-13 09:23:42 +00:00: 9:23:42 AM [express] GET /api/training/state 304 in 25ms :: {"enrolled":true,"profile":{"userId":"2d91b70d-b8eb-4f8d-9253-88b99321969a","enrolledAt":"2026-05-11T17:38:30.411Z","graduatedAt":null,"graduationNotifiedOwner":false,"graduationStaffNotified":false,"day7DigestSentAt":null},"categories":[],"state":[],"settings":{"enabled":true,"autoEnrollNewStaff":true,"graduationMinDays":7,"showHelpBubbleAfterGraduation":true,"storeId":null}}
2026-05-13 09:23:42 +00:00: 9:23:42 AM [express] GET /api/intelligence/demo/status 200 in 21ms :: {"status":"cooldown","resetAt":1778665699127,"msLeft":1477048}
2026-05-13 09:24:42 +00:00: 9:24:42 AM [express] GET /api/intelligence/demo/status 200 in 20ms :: {"status":"cooldown","resetAt":1778665699127,"msLeft":1417012}
2026-05-13 09:24:42 +00:00: 9:24:42 AM [express] GET /api/training/state 304 in 20ms :: {"enrolled":true,"profile":{"userId":"2d91b70d-b8eb-4f8d-9253-88b99321969a","enrolledAt":"2026-05-11T17:38:30.411Z","graduatedAt":null,"graduationNotifiedOwner":false,"graduationStaffNotified":false,"day7DigestSentAt":null},"categories":[],"state":[],"settings":{"enabled":true,"autoEnrollNewStaff":true,"graduationMinDays":7,"showHelpBubbleAfterGraduation":true,"storeId":null}}
2026-05-13 09:25:42 +00:00: 9:25:42 AM [express] GET /api/intelligence/demo/status 200 in 19ms :: {"status":"cooldown","resetAt":1778665699127,"msLeft":1356947}
2026-05-13 09:26:42 +00:00: 9:26:42 AM [express] GET /api/intelligence/demo/status 200 in 18ms :: {"status":"cooldown","resetAt":1778665699127,"msLeft":1297029}
2026-05-13 09:27:42 +00:00: 9:27:42 AM [express] GET /api/intelligence/demo/status 200 in 20ms :: {"status":"cooldown","resetAt":1778665699127,"msLeft":1236929}
2026-05-13 09:28:26 +00:00: [SMS] Processed 1 reminder(s)
2026-05-13 09:28:26 +00:00: [Email] Processed 1 reminder(s)
2026-05-13 09:28:42 +00:00: 9:28:42 AM [express] GET /api/training/state 304 in 23ms :: {"enrolled":true,"profile":{"userId":"2d91b70d-b8eb-4f8d-9253-88b99321969a","enrolledAt":"2026-05-11T17:38:30.411Z","graduatedAt":null,"graduationNotifiedOwner":false,"graduationStaffNotified":false,"day7DigestSentAt":null},"categories":[],"state":[],"settings":{"enabled":true,"autoEnrollNewStaff":true,"graduationMinDays":7,"showHelpBubbleAfterGraduation":true,"storeId":null}}
2026-05-13 09:28:42 +00:00: 9:28:42 AM [express] GET /api/intelligence/demo/status 200 in 6ms :: {"status":"cooldown","resetAt":1778665699127,"msLeft":1177000}
2026-05-13 09:29:42 +00:00: 9:29:42 AM [express] GET /api/intelligence/demo/status 200 in 21ms :: {"status":"cooldown","resetAt":1778665699127,"msLeft":1116997}
2026-05-13 09:29:42 +00:00: 9:29:42 AM [express] GET /api/training/state 304 in 22ms :: {"enrolled":true,"profile":{"userId":"2d91b70d-b8eb-4f8d-9253-88b99321969a","enrolledAt":"2026-05-11T17:38:30.411Z","graduatedAt":null,"graduationNotifiedOwner":false,"graduationStaffNotified":false,"day7DigestSentAt":null},"categories":[],"state":[],"settings":{"enabled":true,"autoEnrollNewStaff":true,"graduationMinDays":7,"showHelpBubbleAfterGraduation":true,"storeId":null}}
2026-05-13 09:30:42 +00:00: 9:30:42 AM [express] GET /api/intelligence/demo/status 200 in 20ms :: {"status":"cooldown","resetAt":1778665699127,"msLeft":1057053}
2026-05-13 09:31:42 +00:00: 9:31:42 AM [express] GET /api/intelligence/demo/status 200 in 21ms :: {"status":"cooldown","resetAt":1778665699127,"msLeft":997064}
2026-05-13 09:32:42 +00:00: 9:32:42 AM [express] GET /api/intelligence/demo/status 200 in 21ms :: {"status":"cooldown","resetAt":1778665699127,"msLeft":937050}
2026-05-13 09:33:26 +00:00: [SMS] Processed 2 reminder(s)
2026-05-13 09:33:26 +00:00: [Email] Processed 2 reminder(s)
2026-05-13 09:33:42 +00:00: 9:33:42 AM [express] GET /api/training/state 304 in 20ms :: {"enrolled":true,"profile":{"userId":"2d91b70d-b8eb-4f8d-9253-88b99321969a","enrolledAt":"2026-05-11T17:38:30.411Z","graduatedAt":null,"graduationNotifiedOwner":false,"graduationStaffNotified":false,"day7DigestSentAt":null},"categories":[],"state":[],"settings":{"enabled":true,"autoEnrollNewStaff":true,"graduationMinDays":7,"showHelpBubbleAfterGraduation":true,"storeId":null}}
2026-05-13 09:33:42 +00:00: 9:33:42 AM [express] GET /api/intelligence/demo/status 200 in 6ms :: {"status":"cooldown","resetAt":1778665699127,"msLeft":876961}
2026-05-13 09:34:42 +00:00: 9:34:42 AM [express] GET /api/intelligence/demo/status 200 in 21ms :: {"status":"cooldown","resetAt":1778665699127,"msLeft":817003}
2026-05-13 09:34:42 +00:00: 9:34:42 AM [express] GET /api/training/state 304 in 23ms :: {"enrolled":true,"profile":{"userId":"2d91b70d-b8eb-4f8d-9253-88b99321969a","enrolledAt":"2026-05-11T17:38:30.411Z","graduatedAt":null,"graduationNotifiedOwner":false,"graduationStaffNotified":false,"day7DigestSentAt":null},"categories":[],"state":[],"settings":{"enabled":true,"autoEnrollNewStaff":true,"graduationMinDays":7,"showHelpBubbleAfterGraduation":true,"storeId":null}}
2026-05-13 09:35:42 +00:00: 9:35:42 AM [express] GET /api/intelligence/demo/status 200 in 20ms :: {"status":"cooldown","resetAt":1778665699127,"msLeft":757035}
2026-05-13 09:36:42 +00:00: 9:36:42 AM [express] GET /api/intelligence/demo/status 200 in 18ms :: {"status":"cooldown","resetAt":1778665699127,"msLeft":697042}
2026-05-13 09:37:42 +00:00: 9:37:42 AM [express] GET /api/intelligence/demo/status 200 in 23ms :: {"status":"cooldown","resetAt":1778665699127,"msLeft":637059}
2026-05-13 09:38:26 +00:00: [SMS] Processed 2 reminder(s)
2026-05-13 09:38:26 +00:00: [Email] Processed 2 reminder(s)
2026-05-13 09:38:42 +00:00: 9:38:42 AM [express] GET /api/training/state 304 in 20ms :: {"enrolled":true,"profile":{"userId":"2d91b70d-b8eb-4f8d-9253-88b99321969a","enrolledAt":"2026-05-11T17:38:30.411Z","graduatedAt":null,"graduationNotifiedOwner":false,"graduationStaffNotified":false,"day7DigestSentAt":null},"categories":[],"state":[],"settings":{"enabled":true,"autoEnrollNewStaff":true,"graduationMinDays":7,"showHelpBubbleAfterGraduation":true,"storeId":null}}
2026-05-13 09:38:42 +00:00: 9:38:42 AM [express] GET /api/intelligence/demo/status 200 in 21ms :: {"status":"cooldown","resetAt":1778665699127,"msLeft":577068}
2026-05-13 09:39:42 +00:00: 9:39:42 AM [express] GET /api/intelligence/demo/status 200 in 18ms :: {"status":"cooldown","resetAt":1778665699127,"msLeft":517059}
2026-05-13 09:39:42 +00:00: 9:39:42 AM [express] GET /api/training/state 304 in 23ms :: {"enrolled":true,"profile":{"userId":"2d91b70d-b8eb-4f8d-9253-88b99321969a","enrolledAt":"2026-05-11T17:38:30.411Z","graduatedAt":null,"graduationNotifiedOwner":false,"graduationStaffNotified":false,"day7DigestSentAt":null},"categories":[],"state":[],"settings":{"enabled":true,"autoEnrollNewStaff":true,"graduationMinDays":7,"showHelpBubbleAfterGraduation":true,"storeId":null}}
2026-05-13 09:40:42 +00:00: 9:40:42 AM [express] GET /api/intelligence/demo/status 200 in 20ms :: {"status":"cooldown","resetAt":1778665699127,"msLeft":457053}
2026-05-13 09:41:42 +00:00: 9:41:42 AM [express] GET /api/intelligence/demo/status 200 in 23ms :: {"status":"cooldown","resetAt":1778665699127,"msLeft":397009}
2026-05-13 09:42:42 +00:00: 9:42:42 AM [express] GET /api/intelligence/demo/status 200 in 19ms :: {"status":"cooldown","resetAt":1778665699127,"msLeft":337040}
2026-05-13 09:43:26 +00:00: [SMS] Processed 2 reminder(s)
2026-05-13 09:43:26 +00:00: [Email] Processed 2 reminder(s)
2026-05-13 09:43:42 +00:00: 9:43:42 AM [express] GET /api/training/state 304 in 21ms :: {"enrolled":true,"profile":{"userId":"2d91b70d-b8eb-4f8d-9253-88b99321969a","enrolledAt":"2026-05-11T17:38:30.411Z","graduatedAt":null,"graduationNotifiedOwner":false,"graduationStaffNotified":false,"day7DigestSentAt":null},"categories":[],"state":[],"settings":{"enabled":true,"autoEnrollNewStaff":true,"graduationMinDays":7,"showHelpBubbleAfterGraduation":true,"storeId":null}}
2026-05-13 09:43:42 +00:00: 9:43:42 AM [express] GET /api/intelligence/demo/status 200 in 22ms :: {"status":"cooldown","resetAt":1778665699127,"msLeft":277068}
2026-05-13 09:44:42 +00:00: 9:44:42 AM [express] GET /api/intelligence/demo/status 200 in 22ms :: {"status":"cooldown","resetAt":1778665699127,"msLeft":217049}
2026-05-13 09:44:42 +00:00: 9:44:42 AM [express] GET /api/training/state 304 in 21ms :: {"enrolled":true,"profile":{"userId":"2d91b70d-b8eb-4f8d-9253-88b99321969a","enrolledAt":"2026-05-11T17:38:30.411Z","graduatedAt":null,"graduationNotifiedOwner":false,"graduationStaffNotified":false,"day7DigestSentAt":null},"categories":[],"state":[],"settings":{"enabled":true,"autoEnrollNewStaff":true,"graduationMinDays":7,"showHelpBubbleAfterGraduation":true,"storeId":null}}
2026-05-13 09:45:42 +00:00: 9:45:42 AM [express] GET /api/intelligence/demo/status 200 in 18ms :: {"status":"cooldown","resetAt":1778665699127,"msLeft":157015}
2026-05-13 09:45:56 +00:00: [DemoReset] Spawning reseed for store 3 (nail-demo@certxa.com) …
2026-05-13 09:45:57 +00:00: [DemoReseed] 
2026-05-13 09:45:57 +00:00: ╔══════════════════════════════════════════════════════════╗
2026-05-13 09:45:57 +00:00: [DemoReseed] ║       Luxe Nails & Spa — Reseed (Reset + Seed)          ║
2026-05-13 09:45:57 +00:00: ╚══════════════════════════════════════════════════════════╝
2026-05-13 09:45:57 +00:00: 
2026-05-13 09:45:57 +00:00: ────────────────────────────────────────────────────────────
2026-05-13 09:45:57 +00:00: [DemoReseed] ▶  Step 1/2 — Reset demo account
2026-05-13 09:45:57 +00:00: ────────────────────────────────────────────────────────────
2026-05-13 09:45:58 +00:00: [DemoReseed] 
2026-05-13 09:45:58 +00:00: ╔══════════════════════════════════════════════════════════╗
2026-05-13 09:45:58 +00:00: [DemoReseed] ║       Luxe Nails & Spa — Demo Reset                     ║
2026-05-13 09:45:58 +00:00: ╚══════════════════════════════════════════════════════════╝
2026-05-13 09:45:58 +00:00: 
2026-05-13 09:45:58 +00:00: [DemoReseed] Found store: "Luxe Nails & Spa" (id=3)
2026-05-13 09:45:58 +00:00: [DemoReseed]   ✓ Deleted appointments
2026-05-13 09:45:58 +00:00: [DemoReseed]   ✓ Deleted customers
2026-05-13 09:45:58 +00:00: [DemoReseed]   ✓ Deleted staff
2026-05-13 09:45:58 +00:00: [DemoReseed]   ✓ Deleted services, addons & categories
2026-05-13 09:45:58 +00:00: [DemoReseed]   ✓ Deleted Google Business data
2026-05-13 09:45:58 +00:00: [DemoReseed] 
2026-05-13 09:45:58 +00:00: ────────────────────────────────────────────────────────────
2026-05-13 09:45:58 +00:00: [DemoReseed] ▶  Step 2/2 — Seed fresh demo data
2026-05-13 09:45:58 +00:00: ────────────────────────────────────────────────────────────
2026-05-13 09:45:59 +00:00: [DemoReseed] 
2026-05-13 09:45:59 +00:00: ╔══════════════════════════════════════════════════════════╗
2026-05-13 09:45:59 +00:00: [DemoReseed] ║       Luxe Nails & Spa — Intelligence Demo Seed         ║
2026-05-13 09:45:59 +00:00: ╚══════════════════════════════════════════════════════════╝
2026-05-13 09:45:59 +00:00: 
2026-05-13 09:45:59 +00:00: [DemoReseed] ⚠️  Demo account already exists — skipping.
2026-05-13 09:45:59 +00:00: [DemoReseed]    Email: nail-demo@certxa.com  /  Password: demo1234
2026-05-13 09:45:59 +00:00: 
2026-05-13 09:45:59 +00:00: [DemoReseed] 
2026-05-13 09:45:59 +00:00: ✅  Reseed complete — Luxe Nails & Spa is ready.
2026-05-13 09:45:59 +00:00: [DemoReseed]    Login: nail-demo@certxa.com  /  demo1234
2026-05-13 09:45:59 +00:00: 
2026-05-13 09:45:59 +00:00: [DemoReset] Reseed done for store 3 — running engines silently…
2026-05-13 09:45:59 +00:00: [intelligence] Running intelligence engine for store 3
2026-05-13 09:45:59 +00:00: [intelligence] No customers found for store 3, skipping
2026-05-13 09:45:59 +00:00: [DemoReset] Silent engines done for store 3 — starting new 90-min cooldown
2026-05-13 09:45:59 +00:00: [DemoReset] Clients table synced: 0 migrated, 0 already present
2026-05-13 09:45:59 +00:00: [DemoReset] Next reseed scheduled for store 3 in 90 min
2026-05-13 09:46:42 +00:00: 9:46:42 AM [express] GET /api/intelligence/demo/status 200 in 20ms :: {"status":"cooldown","resetAt":1778670959533,"msLeft":5357431}
2026-05-13 09:47:42 +00:00: 9:47:42 AM [express] GET /api/intelligence/demo/status 200 in 18ms :: {"status":"cooldown","resetAt":1778670959533,"msLeft":5297470}
2026-05-13 09:48:19 +00:00: [DemoReset] Spawning reseed for store 3 (nail-demo@certxa.com) …
2026-05-13 09:48:19 +00:00: [DemoReseed] 
2026-05-13 09:48:19 +00:00: ╔══════════════════════════════════════════════════════════╗
2026-05-13 09:48:19 +00:00: [DemoReseed] ║       Luxe Nails & Spa — Reseed (Reset + Seed)          ║
2026-05-13 09:48:19 +00:00: ╚══════════════════════════════════════════════════════════╝
2026-05-13 09:48:19 +00:00: [DemoReseed] 
2026-05-13 09:48:19 +00:00: ────────────────────────────────────────────────────────────
2026-05-13 09:48:19 +00:00: [DemoReseed] ▶  Step 1/2 — Reset demo account
2026-05-13 09:48:19 +00:00: ────────────────────────────────────────────────────────────
2026-05-13 09:48:20 +00:00: [DemoReseed] 
2026-05-13 09:48:20 +00:00: ╔══════════════════════════════════════════════════════════╗
2026-05-13 09:48:20 +00:00: [DemoReseed] ║       Luxe Nails & Spa — Demo Reset                     ║
2026-05-13 09:48:20 +00:00: ╚══════════════════════════════════════════════════════════╝
2026-05-13 09:48:20 +00:00: 
2026-05-13 09:48:20 +00:00: [DemoReseed] Found store: "Luxe Nails & Spa" (id=3)
2026-05-13 09:48:20 +00:00: [DemoReseed]   ✓ Deleted appointments
2026-05-13 09:48:20 +00:00: [DemoReseed]   ✓ Deleted customers
2026-05-13 09:48:20 +00:00: [DemoReseed]   ✓ Deleted staff
2026-05-13 09:48:20 +00:00: [DemoReseed]   ✓ Deleted services, addons & categories
2026-05-13 09:48:20 +00:00: [DemoReseed]   ✓ Deleted Google Business data
2026-05-13 09:48:20 +00:00: [DemoReseed] 
2026-05-13 09:48:20 +00:00: ────────────────────────────────────────────────────────────
2026-05-13 09:48:20 +00:00: ▶  Step 2/2 — Seed fresh demo data
2026-05-13 09:48:20 +00:00: [DemoReseed] ────────────────────────────────────────────────────────────
2026-05-13 09:48:21 +00:00: [DemoReseed] 
2026-05-13 09:48:21 +00:00: ╔══════════════════════════════════════════════════════════╗
2026-05-13 09:48:21 +00:00: [DemoReseed] ║       Luxe Nails & Spa — Intelligence Demo Seed         ║
2026-05-13 09:48:21 +00:00: ╚══════════════════════════════════════════════════════════╝
2026-05-13 09:48:21 +00:00: 
2026-05-13 09:48:21 +00:00: [DemoReseed] ⚠️  Demo account already exists — skipping.
2026-05-13 09:48:21 +00:00:    Email: nail-demo@certxa.com  /  Password: demo1234
2026-05-13 09:48:21 +00:00: 
2026-05-13 09:48:21 +00:00: [DemoReseed] 
2026-05-13 09:48:21 +00:00: ✅  Reseed complete — Luxe Nails & Spa is ready.
2026-05-13 09:48:21 +00:00:    Login: nail-demo@certxa.com  /  demo1234
2026-05-13 09:48:21 +00:00: 
2026-05-13 09:48:21 +00:00: [DemoReset] Reseed done for store 3 — running engines silently…
2026-05-13 09:48:21 +00:00: [intelligence] Running intelligence engine for store 3
2026-05-13 09:48:21 +00:00: [intelligence] No customers found for store 3, skipping
2026-05-13 09:48:21 +00:00: [DemoReset] Silent engines done for store 3 — starting new 90-min cooldown
2026-05-13 09:48:21 +00:00: [DemoReset] Clients table synced: 0 migrated, 0 already present
2026-05-13 09:48:21 +00:00: [DemoReset] Next reseed scheduled for store 3 in 90 min
2026-05-13 09:48:26 +00:00: [SMS] Processed 1 reminder(s)
2026-05-13 09:48:26 +00:00: [Email] Processed 1 reminder(s)
2026-05-13 09:48:42 +00:00: 9:48:42 AM [express] GET /api/intelligence/demo/status 200 in 21ms :: {"status":"cooldown","resetAt":1778671101260,"msLeft":5379197}
2026-05-13 09:48:42 +00:00: 9:48:42 AM [express] GET /api/training/state 304 in 23ms :: {"enrolled":true,"profile":{"userId":"2d91b70d-b8eb-4f8d-9253-88b99321969a","enrolledAt":"2026-05-11T17:38:30.411Z","graduatedAt":null,"graduationNotifiedOwner":false,"graduationStaffNotified":false,"day7DigestSentAt":null},"categories":[],"state":[],"settings":{"enabled":true,"autoEnrollNewStaff":true,"graduationMinDays":7,"showHelpBubbleAfterGraduation":true,"storeId":null}}
2026-05-13 09:49:42 +00:00: 9:49:42 AM [express] GET /api/intelligence/demo/status 200 in 19ms :: {"status":"cooldown","resetAt":1778671101260,"msLeft":5319204}
2026-05-13 09:49:42 +00:00: 9:49:42 AM [express] GET /api/training/state 304 in 20ms :: {"enrolled":true,"profile":{"userId":"2d91b70d-b8eb-4f8d-9253-88b99321969a","enrolledAt":"2026-05-11T17:38:30.411Z","graduatedAt":null,"graduationNotifiedOwner":false,"graduationStaffNotified":false,"day7DigestSentAt":null},"categories":[],"state":[],"settings":{"enabled":true,"autoEnrollNewStaff":true,"graduationMinDays":7,"showHelpBubbleAfterGraduation":true,"storeId":null}}
2026-05-13 09:50:42 +00:00: 9:50:42 AM [express] GET /api/intelligence/demo/status 200 in 20ms :: {"status":"cooldown","resetAt":1778671101260,"msLeft":5259166}
2026-05-13 09:50:57 +00:00: 9:50:57 AM [express] GET /api/intelligence/digest-preferences 304 in 53ms :: {"optOut":false}
2026-05-13 09:50:57 +00:00: 9:50:57 AM [express] GET /api/billing/subscription/3 304 in 38ms :: {"active":false,"status":"none"}
2026-05-13 09:50:57 +00:00: 9:50:57 AM [express] GET /api/intelligence/demo/status 200 in 39ms :: {"status":"cooldown","resetAt":1778671101260,"msLeft":5243899}
2026-05-13 09:50:57 +00:00: 9:50:57 AM [express] GET /api/intelligence/auto-engage 304 in 94ms :: {"enabled":true}
2026-05-13 09:50:57 +00:00: 9:50:57 AM [express] GET /api/auth/user 304 in 87ms :: {"id":"2d91b70d-b8eb-4f8d-9253-88b99321969a","email":"nail-demo@certxa.com","googleId":null,"firstName":"Jessica","lastName":"Tran","profileImageUrl":null,"role":"owner","isAdmin":false,"staffId":null,"permissions":["appointments.viewAll","appointments.viewOwn","appointments.edit","appointments.delete","appointments.cancel","appointments.overrideRules","waitlist.access","customers.view","customers.viewContact","customers.edit","customers.delete","customers.export","customers.import","services.manage","products.manage","pricing.view","pricing.edit","inventory.manage","staff.manage","staff.permissionsManage","staff.invite","staff.remove","reports.view","reports.financial","reports.export","commissions.viewAll","commissions.viewOwn","pos.use","checkout.clients","payments.view","refunds.issue","discounts.apply","void.transactions","cashDrawer.view","cashDrawer.close","marketing.sms","marketing.email","marketing.reviewRequests","giftCards.manage","loyalty.manage","intakeForms.manage","store.settings","store.delete","integrations.manage","billing.manage"],"onboardingCompleted":true,"passwordChanged":false,"createdAt":"2026-05-11T17:18:15.283Z","updatedAt":"2026-05-11T17:18:15.283Z","subscriptionStatus":"active","trialStartedAt":null,"trialEndsAt":null,"accountType":null}
2026-05-13 09:50:57 +00:00: 9:50:57 AM [express] GET /api/intelligence/dashboard 200 in 81ms :: {"latestScore":{"id":50,"storeId":3,"overallScore":75,"retentionScore":65,"rebookingScore":100,"utilizationScore":100,"revenueScore":20,"newClientScore":100,"activeClients":395,"driftingClients":83,"atRiskClients":37,"avgRebookingRate":"79.25","seatUtilizationPct":"96.00","monthlyRevenue":"10148.00","snapshotDate":"2026-05-13T08:18:11.709Z"},"atRiskClients":[],"scoreHistory":[{"score":75,"date":"2026-05-13T08:18:11.709Z"}],"recentInterventions":[],"summary":{"totalClients":0,"driftingClients":0,"atRiskClients":0,"avgLtv12Month":0,"lastComputedAt":"2026-05-13T08:18:11.709Z"}}
2026-05-13 09:50:57 +00:00: 9:50:57 AM [express] GET /api/stores 304 in 94ms :: [{"id":3,"name":"Luxe Nails & Spa","timezone":"America/Chicago","address":"2201 S Lamar Blvd, Suite 104","phone":"(512) 555-0199","email":"hello@luxenailspa.com","category":"Nail Salon","city":"Austin","state":"TX","postcode":"78704","bookingSlug":"luxe-nails-spa-demo","bookingTheme":"simple","commissionPayoutFrequency":"monthly","smsTokens":0,"smsAllowance":0,"smsCredits":0,"smsCreditsTotalPurchased":0,"userId":"2d91b70d-b8eb-4f8d-9253-88b99321969a","accountStatus":"Active","storeLatitude":null,"storeLongitude":null,"yelpAlias":null,"facebookPageId":null,"lateGracePeriodMinutes":10,"cancellationHoursCutoff":24,"posEnabled":true,"isTrainingSandbox":false,"sandboxParentStoreId":null,"weeklyDigestOptOut":false}]
2026-05-13 09:50:57 +00:00: 9:50:57 AM [express] GET /api/training/notifications 304 in 95ms :: {"notifications":[]}
2026-05-13 09:50:57 +00:00: 9:50:57 AM [express] GET /api/intelligence/revenue-leakage 200 in 99ms :: {"period":"Last 90 days","totalLeakage":0,"breakdown":{"noShowLoss":0,"noShowCount":0,"cancellationLoss":0,"cancellationCount":0,"discountLoss":0,"discountCount":0,"deadSeatLoss":0,"deadSeatEstimate":true},"leakageByMonth":[{"month":"Mar 26","noShowLoss":0,"cancellationLoss":0,"discountLoss":0},{"month":"Apr 26","noShowLoss":0,"cancellationLoss":0,"discountLoss":0},{"month":"May 26","noShowLoss":0,"cancellationLoss":0,"discountLoss":0}],"topLeakageServices":[],"recoveryPotential":0,"recommendations":[]}
2026-05-13 09:50:57 +00:00: 9:50:57 AM [express] GET /api/sms-inbox/conversations 304 in 93ms :: []
2026-05-13 09:50:57 +00:00: 9:50:57 AM [express] GET /api/billing/account-status 304 in 118ms :: {"accountStatus":"active","salonId":null,"suspendedAt":null,"lockedAt":null,"suspendedReason":null}
2026-05-13 09:50:57 +00:00: 9:50:57 AM [express] GET /api/billing/sms-status/3 304 in 113ms :: {"smsAllowance":0,"smsCredits":0,"smsCreditsTotalPurchased":0,"planMonthlyAllowance":0,"planName":"Free","packages":[{"id":"10","priceCents":1000,"credits":333,"label":"$10 — 333 SMS"},{"id":"25","priceCents":2500,"credits":833,"label":"$25 — 833 SMS"},{"id":"50","priceCents":5000,"credits":1666,"label":"$50 — 1,666 SMS"}]}
2026-05-13 09:50:57 +00:00: 9:50:57 AM [express] GET /api/intelligence/growth-score 200 in 127ms :: {"snapshot":{"id":50,"storeId":3,"overallScore":75,"retentionScore":65,"rebookingScore":100,"utilizationScore":100,"revenueScore":20,"newClientScore":100,"activeClients":395,"driftingClients":83,"atRiskClients":37,"avgRebookingRate":"79.25","seatUtilizationPct":"96.00","monthlyRevenue":"10148.00","snapshotDate":"2026-05-13T08:18:11.709Z"},"history":[{"id":50,"storeId":3,"overallScore":75,"retentionScore":65,"rebookingScore":100,"utilizationScore":100,"revenueScore":20,"newClientScore":100,"activeClients":395,"driftingClients":83,"atRiskClients":37,"avgRebookingRate":"79.25","seatUtilizationPct":"96.00","monthlyRevenue":"10148.00","snapshotDate":"2026-05-13T08:18:11.709Z"}],"live":{"hasData":false,"overallScore":0,"grade":"F","components":{"retention":{"score":0,"label":"No data","detail":"No activity yet"},"rebooking":{"score":0,"label":"No data","detail":"No activity yet"},"utilization":{"score":0,"label":"No data","detail":"No activity yet"},"revenue":{"score":0,"label":"No data","detail":"No activity yet"},"newClients":{"score":0,"label":"No data","detail":"No activity yet"}},"insights":[],"activeClients":0,"driftingClients":0,"atRiskClients":0,"monthlyRevenue":0,"avgRebookingRate":0,"seatUtilizationPct":0}}
2026-05-13 09:50:57 +00:00: 9:50:57 AM [express] GET /api/intelligence/daily-digest 500 in 119ms :: {"error":"Failed to fetch daily digest"}
2026-05-13 09:50:57 +00:00: 9:50:57 AM [express] GET /api/billing/sms-status/3 304 in 7ms :: {"smsAllowance":0,"smsCredits":0,"smsCreditsTotalPurchased":0,"planMonthlyAllowance":0,"planName":"Free","packages":[{"id":"10","priceCents":1000,"credits":333,"label":"$10 — 333 SMS"},{"id":"25","priceCents":2500,"credits":833,"label":"$25 — 833 SMS"},{"id":"50","priceCents":5000,"credits":1666,"label":"$50 — 1,666 SMS"}]}
2026-05-13 09:51:00 +00:00: 9:51:00 AM [express] GET /api/intelligence/demo/status 200 in 6ms :: {"status":"cooldown","resetAt":1778671101260,"msLeft":5241165}
2026-05-13 09:51:06 +00:00: 9:51:06 AM [express] GET /api/intelligence/demo/status 200 in 6ms :: {"status":"cooldown","resetAt":1778671101260,"msLeft":5235148}
2026-05-13 09:51:12 +00:00: 9:51:12 AM [express] GET /api/intelligence/demo/status 200 in 6ms :: {"status":"cooldown","resetAt":1778671101260,"msLeft":5229162}
2026-05-13 09:51:18 +00:00: 9:51:18 AM [express] GET /api/intelligence/demo/status 200 in 7ms :: {"status":"cooldown","resetAt":1778671101260,"msLeft":5223171}
2026-05-13 09:51:24 +00:00: 9:51:24 AM [express] GET /api/intelligence/demo/status 200 in 5ms :: {"status":"cooldown","resetAt":1778671101260,"msLeft":5217159}
2026-05-13 09:51:27 +00:00: 9:51:27 AM [express] GET /api/sms-inbox/conversations 304 in 7ms :: []
2026-05-13 09:51:30 +00:00: 9:51:30 AM [express] GET /api/intelligence/demo/status 200 in 5ms :: {"status":"cooldown","resetAt":1778671101260,"msLeft":5211165}
2026-05-13 09:51:36 +00:00: 9:51:36 AM [express] GET /api/intelligence/demo/status 200 in 6ms :: {"status":"cooldown","resetAt":1778671101260,"msLeft":5205169}
2026-05-13 09:51:42 +00:00: 9:51:42 AM [express] GET /api/intelligence/demo/status 200 in 6ms :: {"status":"cooldown","resetAt":1778671101260,"msLeft":5199156}
2026-05-13 09:51:48 +00:00: 9:51:48 AM [express] GET /api/intelligence/demo/status 200 in 6ms :: {"status":"cooldown","resetAt":1778671101260,"msLeft":5193165}
2026-05-13 09:51:49 +00:00: 9:51:49 AM [express] GET /api/billing/account-status 304 in 11ms :: {"accountStatus":"active","salonId":null,"suspendedAt":null,"lockedAt":null,"suspendedReason":null}
2026-05-13 09:51:49 +00:00: 9:51:49 AM [express] GET /api/auth/user 304 in 6ms :: {"id":"2d91b70d-b8eb-4f8d-9253-88b99321969a","email":"nail-demo@certxa.com","googleId":null,"firstName":"Jessica","lastName":"Tran","profileImageUrl":null,"role":"owner","isAdmin":false,"staffId":null,"permissions":["appointments.viewAll","appointments.viewOwn","appointments.edit","appointments.delete","appointments.cancel","appointments.overrideRules","waitlist.access","customers.view","customers.viewContact","customers.edit","customers.delete","customers.export","customers.import","services.manage","products.manage","pricing.view","pricing.edit","inventory.manage","staff.manage","staff.permissionsManage","staff.invite","staff.remove","reports.view","reports.financial","reports.export","commissions.viewAll","commissions.viewOwn","pos.use","checkout.clients","payments.view","refunds.issue","discounts.apply","void.transactions","cashDrawer.view","cashDrawer.close","marketing.sms","marketing.email","marketing.reviewRequests","giftCards.manage","loyalty.manage","intakeForms.manage","store.settings","store.delete","integrations.manage","billing.manage"],"onboardingCompleted":true,"passwordChanged":false,"createdAt":"2026-05-11T17:18:15.283Z","updatedAt":"2026-05-11T17:18:15.283Z","subscriptionStatus":"active","trialStartedAt":null,"trialEndsAt":null,"accountType":null}
2026-05-13 09:51:49 +00:00: 9:51:49 AM [express] GET /api/stores 304 in 25ms :: [{"id":3,"name":"Luxe Nails & Spa","timezone":"America/Chicago","address":"2201 S Lamar Blvd, Suite 104","phone":"(512) 555-0199","email":"hello@luxenailspa.com","category":"Nail Salon","city":"Austin","state":"TX","postcode":"78704","bookingSlug":"luxe-nails-spa-demo","bookingTheme":"simple","commissionPayoutFrequency":"monthly","smsTokens":0,"smsAllowance":0,"smsCredits":0,"smsCreditsTotalPurchased":0,"userId":"2d91b70d-b8eb-4f8d-9253-88b99321969a","accountStatus":"Active","storeLatitude":null,"storeLongitude":null,"yelpAlias":null,"facebookPageId":null,"lateGracePeriodMinutes":10,"cancellationHoursCutoff":24,"posEnabled":true,"isTrainingSandbox":false,"sandboxParentStoreId":null,"weeklyDigestOptOut":false}]
2026-05-13 09:51:49 +00:00: 9:51:49 AM [express] GET /api/trial/status 304 in 5ms :: {"isActive":true,"daysRemaining":null,"subscriptionStatus":"active","trialStartedAt":null,"trialEndsAt":null}
2026-05-13 09:51:49 +00:00: 9:51:49 AM [express] GET /api/training/notifications 304 in 7ms :: {"notifications":[]}
2026-05-13 09:51:49 +00:00: 9:51:49 AM [express] GET /api/training/state 304 in 10ms :: {"enrolled":true,"profile":{"userId":"2d91b70d-b8eb-4f8d-9253-88b99321969a","enrolledAt":"2026-05-11T17:38:30.411Z","graduatedAt":null,"graduationNotifiedOwner":false,"graduationStaffNotified":false,"day7DigestSentAt":null},"categories":[],"state":[],"settings":{"enabled":true,"autoEnrollNewStaff":true,"graduationMinDays":7,"showHelpBubbleAfterGraduation":true,"storeId":null}}
2026-05-13 09:51:49 +00:00: 9:51:49 AM [express] GET /api/billing/sms-status/3 304 in 11ms :: {"smsAllowance":0,"smsCredits":0,"smsCreditsTotalPurchased":0,"planMonthlyAllowance":0,"planName":"Free","packages":[{"id":"10","priceCents":1000,"credits":333,"label":"$10 — 333 SMS"},{"id":"25","priceCents":2500,"credits":833,"label":"$25 — 833 SMS"},{"id":"50","priceCents":5000,"credits":1666,"label":"$50 — 1,666 SMS"}]}
2026-05-13 09:51:49 +00:00: 9:51:49 AM [express] GET /api/sms-inbox/conversations 304 in 15ms :: []
2026-05-13 09:51:49 +00:00: 9:51:49 AM [express] GET /api/intelligence/digest-preferences 304 in 22ms :: {"optOut":false}
2026-05-13 09:51:49 +00:00: 9:51:49 AM [express] GET /api/billing/subscription/3 304 in 48ms :: {"active":false,"status":"none"}
2026-05-13 09:51:49 +00:00: 9:51:49 AM [express] GET /api/trial/status 304 in 47ms :: {"isActive":true,"daysRemaining":null,"subscriptionStatus":"active","trialStartedAt":null,"trialEndsAt":null}
2026-05-13 09:51:49 +00:00: 9:51:49 AM [express] GET /api/intelligence/revenue-leakage 304 in 36ms :: {"period":"Last 90 days","totalLeakage":0,"breakdown":{"noShowLoss":0,"noShowCount":0,"cancellationLoss":0,"cancellationCount":0,"discountLoss":0,"discountCount":0,"deadSeatLoss":0,"deadSeatEstimate":true},"leakageByMonth":[{"month":"Mar 26","noShowLoss":0,"cancellationLoss":0,"discountLoss":0},{"month":"Apr 26","noShowLoss":0,"cancellationLoss":0,"discountLoss":0},{"month":"May 26","noShowLoss":0,"cancellationLoss":0,"discountLoss":0}],"topLeakageServices":[],"recoveryPotential":0,"recommendations":[]}
2026-05-13 09:51:49 +00:00: 9:51:49 AM [express] GET /api/intelligence/growth-score 304 in 45ms :: {"snapshot":{"id":50,"storeId":3,"overallScore":75,"retentionScore":65,"rebookingScore":100,"utilizationScore":100,"revenueScore":20,"newClientScore":100,"activeClients":395,"driftingClients":83,"atRiskClients":37,"avgRebookingRate":"79.25","seatUtilizationPct":"96.00","monthlyRevenue":"10148.00","snapshotDate":"2026-05-13T08:18:11.709Z"},"history":[{"id":50,"storeId":3,"overallScore":75,"retentionScore":65,"rebookingScore":100,"utilizationScore":100,"revenueScore":20,"newClientScore":100,"activeClients":395,"driftingClients":83,"atRiskClients":37,"avgRebookingRate":"79.25","seatUtilizationPct":"96.00","monthlyRevenue":"10148.00","snapshotDate":"2026-05-13T08:18:11.709Z"}],"live":{"hasData":false,"overallScore":0,"grade":"F","components":{"retention":{"score":0,"label":"No data","detail":"No activity yet"},"rebooking":{"score":0,"label":"No data","detail":"No activity yet"},"utilization":{"score":0,"label":"No data","detail":"No activity yet"},"revenue":{"score":0,"label":"No data","detail":"No activity yet"},"newClients":{"score":0,"label":"No data","detail":"No activity yet"}},"insights":[],"activeClients":0,"driftingClients":0,"atRiskClients":0,"monthlyRevenue":0,"avgRebookingRate":0,"seatUtilizationPct":0}}
2026-05-13 09:51:49 +00:00: 9:51:49 AM [express] GET /api/intelligence/demo/status 200 in 55ms :: {"status":"cooldown","resetAt":1778671101260,"msLeft":5191393}
2026-05-13 09:51:49 +00:00: 9:51:49 AM [express] GET /api/billing/sms-status/3 304 in 17ms :: {"smsAllowance":0,"smsCredits":0,"smsCreditsTotalPurchased":0,"planMonthlyAllowance":0,"planName":"Free","packages":[{"id":"10","priceCents":1000,"credits":333,"label":"$10 — 333 SMS"},{"id":"25","priceCents":2500,"credits":833,"label":"$25 — 833 SMS"},{"id":"50","priceCents":5000,"credits":1666,"label":"$50 — 1,666 SMS"}]}
2026-05-13 09:51:49 +00:00: 9:51:49 AM [express] GET /api/intelligence/dashboard 304 in 63ms :: {"latestScore":{"id":50,"storeId":3,"overallScore":75,"retentionScore":65,"rebookingScore":100,"utilizationScore":100,"revenueScore":20,"newClientScore":100,"activeClients":395,"driftingClients":83,"atRiskClients":37,"avgRebookingRate":"79.25","seatUtilizationPct":"96.00","monthlyRevenue":"10148.00","snapshotDate":"2026-05-13T08:18:11.709Z"},"atRiskClients":[],"scoreHistory":[{"score":75,"date":"2026-05-13T08:18:11.709Z"}],"recentInterventions":[],"summary":{"totalClients":0,"driftingClients":0,"atRiskClients":0,"avgLtv12Month":0,"lastComputedAt":"2026-05-13T08:18:11.709Z"}}
2026-05-13 09:51:49 +00:00: 9:51:49 AM [express] GET /api/intelligence/auto-engage 304 in 53ms :: {"enabled":true}
2026-05-13 09:51:49 +00:00: 9:51:49 AM [express] GET /api/intelligence/daily-digest 500 in 85ms :: {"error":"Failed to fetch daily digest"}
2026-05-13 09:52:23 +00:00: [DemoReset] Auto-reseed+engines scheduled for store 3 (nail-demo@certxa.com) in 90 min
2026-05-13 09:52:23 +00:00: 9:52:23 AM [express] GET /api/intelligence/demo/launch 200 in 29927ms
2026-05-13 09:52:27 +00:00: 9:52:27 AM [express] GET /api/trial/status 304 in 41ms :: {"isActive":true,"daysRemaining":null,"subscriptionStatus":"active","trialStartedAt":null,"trialEndsAt":null}
2026-05-13 09:52:27 +00:00: 9:52:27 AM [express] GET /api/intelligence/demo/status 200 in 46ms :: {"status":"cooldown","resetAt":1778671343412,"msLeft":5396152}
2026-05-13 09:52:27 +00:00: 9:52:27 AM [express] GET /api/intelligence/daily-digest 500 in 53ms :: {"error":"Failed to fetch daily digest"}
2026-05-13 09:52:27 +00:00: 9:52:27 AM [express] GET /api/trial/status 304 in 5ms :: {"isActive":true,"daysRemaining":null,"subscriptionStatus":"active","trialStartedAt":null,"trialEndsAt":null}
2026-05-13 09:52:33 +00:00: 9:52:33 AM [express] GET /api/billing/account-status 304 in 7ms :: {"accountStatus":"active","salonId":null,"suspendedAt":null,"lockedAt":null,"suspendedReason":null}
2026-05-13 09:52:33 +00:00: 9:52:33 AM [express] GET /api/auth/user 304 in 5ms :: {"id":"2d91b70d-b8eb-4f8d-9253-88b99321969a","email":"nail-demo@certxa.com","googleId":null,"firstName":"Jessica","lastName":"Tran","profileImageUrl":null,"role":"owner","isAdmin":false,"staffId":null,"permissions":["appointments.viewAll","appointments.viewOwn","appointments.edit","appointments.delete","appointments.cancel","appointments.overrideRules","waitlist.access","customers.view","customers.viewContact","customers.edit","customers.delete","customers.export","customers.import","services.manage","products.manage","pricing.view","pricing.edit","inventory.manage","staff.manage","staff.permissionsManage","staff.invite","staff.remove","reports.view","reports.financial","reports.export","commissions.viewAll","commissions.viewOwn","pos.use","checkout.clients","payments.view","refunds.issue","discounts.apply","void.transactions","cashDrawer.view","cashDrawer.close","marketing.sms","marketing.email","marketing.reviewRequests","giftCards.manage","loyalty.manage","intakeForms.manage","store.settings","store.delete","integrations.manage","billing.manage"],"onboardingCompleted":true,"passwordChanged":false,"createdAt":"2026-05-11T17:18:15.283Z","updatedAt":"2026-05-11T17:18:15.283Z","subscriptionStatus":"active","trialStartedAt":null,"trialEndsAt":null,"accountType":null}
2026-05-13 09:52:33 +00:00: 9:52:33 AM [express] GET /api/stores 304 in 9ms :: [{"id":3,"name":"Luxe Nails & Spa","timezone":"America/Chicago","address":"2201 S Lamar Blvd, Suite 104","phone":"(512) 555-0199","email":"hello@luxenailspa.com","category":"Nail Salon","city":"Austin","state":"TX","postcode":"78704","bookingSlug":"luxe-nails-spa-demo","bookingTheme":"simple","commissionPayoutFrequency":"monthly","smsTokens":0,"smsAllowance":0,"smsCredits":0,"smsCreditsTotalPurchased":0,"userId":"2d91b70d-b8eb-4f8d-9253-88b99321969a","accountStatus":"Active","storeLatitude":null,"storeLongitude":null,"yelpAlias":null,"facebookPageId":null,"lateGracePeriodMinutes":10,"cancellationHoursCutoff":24,"posEnabled":true,"isTrainingSandbox":false,"sandboxParentStoreId":null,"weeklyDigestOptOut":false}]
2026-05-13 09:52:33 +00:00: 9:52:33 AM [express] GET /api/trial/status 304 in 8ms :: {"isActive":true,"daysRemaining":null,"subscriptionStatus":"active","trialStartedAt":null,"trialEndsAt":null}
2026-05-13 09:52:33 +00:00: 9:52:33 AM [express] GET /api/training/notifications 304 in 8ms :: {"notifications":[]}
2026-05-13 09:52:33 +00:00: 9:52:33 AM [express] GET /api/training/state 304 in 11ms :: {"enrolled":true,"profile":{"userId":"2d91b70d-b8eb-4f8d-9253-88b99321969a","enrolledAt":"2026-05-11T17:38:30.411Z","graduatedAt":null,"graduationNotifiedOwner":false,"graduationStaffNotified":false,"day7DigestSentAt":null},"categories":[],"state":[],"settings":{"enabled":true,"autoEnrollNewStaff":true,"graduationMinDays":7,"showHelpBubbleAfterGraduation":true,"storeId":null}}
2026-05-13 09:52:33 +00:00: 9:52:33 AM [express] GET /api/billing/subscription/3 304 in 8ms :: {"active":false,"status":"none"}
2026-05-13 09:52:33 +00:00: 9:52:33 AM [express] GET /api/billing/sms-status/3 304 in 10ms :: {"smsAllowance":0,"smsCredits":0,"smsCreditsTotalPurchased":0,"planMonthlyAllowance":0,"planName":"Free","packages":[{"id":"10","priceCents":1000,"credits":333,"label":"$10 — 333 SMS"},{"id":"25","priceCents":2500,"credits":833,"label":"$25 — 833 SMS"},{"id":"50","priceCents":5000,"credits":1666,"label":"$50 — 1,666 SMS"}]}
2026-05-13 09:52:33 +00:00: 9:52:33 AM [express] GET /api/sms-inbox/conversations 304 in 19ms :: []
2026-05-13 09:52:33 +00:00: 9:52:33 AM [express] GET /api/intelligence/demo/status 200 in 10ms :: {"status":"cooldown","resetAt":1778671343412,"msLeft":5390024}
2026-05-13 09:52:33 +00:00: 9:52:33 AM [express] GET /api/intelligence/digest-preferences 304 in 16ms :: {"optOut":false}
2026-05-13 09:52:33 +00:00: 9:52:33 AM [express] GET /api/intelligence/auto-engage 304 in 28ms :: {"enabled":true}
2026-05-13 09:52:33 +00:00: 9:52:33 AM [express] GET /api/trial/status 304 in 22ms :: {"isActive":true,"daysRemaining":null,"subscriptionStatus":"active","trialStartedAt":null,"trialEndsAt":null}
2026-05-13 09:52:33 +00:00: 9:52:33 AM [express] GET /api/intelligence/dashboard 200 in 44ms :: {"latestScore":{"id":51,"storeId":3,"overallScore":75,"retentionScore":65,"rebookingScore":100,"utilizationScore":100,"revenueScore":20,"newClientScore":100,"activeClients":395,"driftingClients":84,"atRiskClients":43,"avgRebookingRate":"78.50","seatUtilizationPct":"96.00","monthlyRevenue":"9860.00","snapshotDate":"2026-05-13T09:52:15.995Z"},"atRiskClients":[{"id":12912,"customerId":5982,"customerName":"Anthony Hill","customerPhone":"(213) 975-6894","churnRiskScore":50,"churnRiskLabel":"high","ltv12Month":"561.00","ltvScore":70,"daysSinceLast":149,"avgCadenceDays":"30.0","lastWinbackSentAt":null,"isDrifting":true,"isAtRisk":true},{"id":12917,"customerId":5987,"customerName":"Brooklyn Lee","customerPhone":"(312) 411-7314","churnRiskScore":50,"churnRiskLabel":"high","ltv12Month":"530.00","ltvScore":70,"daysSinceLast":108,"avgCadenceDays":"29.0","lastWinbackSentAt":null,"isDrifting":true,"isAtRisk":true},{"id":12909,"customerId":5979,"customerName":"Lillian Green","customerPhone":"(210) 747-2721","churnRiskScore":50,"churnRiskLabel":"high","ltv12Month":"506.00","ltvScore":70,"daysSinceLast":114,"avgCadenceDays":"31.0","lastWinbackSentAt":null,"isDrifting":true,"isAtRisk":true},{"id":12907,"customerId":5977,"customerName":"Kenneth Lopez","customerPhone":"(404) 412-8444","churnRiskScore":50,"churnRiskLabel":"high","ltv12Month":"500.00","ltvScore":70,"daysSinceLast":116,"avgCadenceDays":"33.0","lastWinbackSentAt":null,"isDrifting":true,"isAtRisk":true},{"id":12910,"customerId":5980,"customerName":"Paul Garcia","customerPhone":"(830) 315-5280","churnRiskScore":50,"churnRiskLabel":"high","ltv12Month":"487.00","ltvScore":55,"daysSinceLast":125,"avgCadenceDays":"38.0","lastWinbackSentAt":null,"isDrifting":true,"isAtRisk":true},{"id":12923,"customerId":5993,"customerName":"Caroline Hernandez","customerPhone":"(213) 914-6855","churnRiskScore":50,"churnRiskLabel":"high","ltv12Month":"485.00","ltvScore":55,"daysSinceLast":110,"avgCadenceDays":"37.0","lastWinbackSentAt":null,"isDrifting":true,"isAtRisk":true},{"id":12908,"customerId":5978,"customerName":"Paul Mitchell","customerPhone":"(512) 232-3719","churnRiskScore":50,"churnRiskLabel":"high","ltv12Month":"484.00","ltvScore":55,"daysSinceLast":152,"avgCadenceDays":"38.0","lastWinbackSentAt":null,"isDrifting":true,"isAtRisk":true},{"id":12901,"customerId":5971,"customerName":"Madison Taylor","customerPhone":"(305) 890-9894","churnRiskScore":50,"churnRiskLabel":"high","ltv12Month":"479.00","ltvScore":55,"daysSinceLast":171,"avgCadenceDays":"29.0","lastWinbackSentAt":null,"isDrifting":true,"isAtRisk":true},{"id":12851,"customerId":5921,"customerName":"Eleanor Lewis","customerPhone":"(213) 682-2788","churnRiskScore":30,"churnRiskLabel":"medium","ltv12Month":"469.00","ltvScore":55,"daysSinceLast":57,"avgCadenceDays":"38.0","lastWinbackSentAt":null,"isDrifting":true,"isAtRisk":false},{"id":12928,"customerId":5998,"customerName":"Thomas Taylor","customerPhone":"(312) 967-8627","churnRiskScore":50,"churnRiskLabel":"high","ltv12Month":"466.00","ltvScore":55,"daysSinceLast":139,"avgCadenceDays":"36.0","lastWinbackSentAt":null,"isDrifting":true,"isAtRisk":true},{"id":12932,"customerId":6002,"customerName":"Camila Moore","customerPhone":"(830) 816-4588","churnRiskScore":50,"churnRiskLabel":"high","ltv12Month":"425.00","ltvScore":55,"daysSinceLast":99,"avgCadenceDays":"38.0","lastWinbackSentAt":null,"isDrifting":true,"isAtRisk":true},{"id":12929,"customerId":5999,"customerName":"Luna Ramirez","customerPhone":"(213) 652-6410","churnRiskScore":50,"churnRiskLabel":"high","ltv12Month":"424.00","ltvScore":55,"daysSinceLast":141,"avgCadenceDays":"46.0","lastWinbackSentAt":null,"isDrifting":true,"isAtRisk":true},{"id":12926,"customerId":5996,"customerName":"Amelia Martinez","customerPhone":"(830) 426-5621","churnRiskScore":50,"churnRiskLabel":"high","ltv12Month":"424.00","ltvScore":55,"daysSinceLast":117,"avgCadenceDays":"45.0","lastWinbackSentAt":null,"isDrifting":true,"isAtRisk":true},{"id":12843,"customerId":5913,"customerName":"Penelope Walker","customerPhone":"(312) 620-5163","churnRiskScore":40,"churnRiskLabel":"medium","ltv12Month":"419.00","ltvScore":55,"daysSinceLast":62,"avgCadenceDays":"37.0","lastWinbackSentAt":null,"isDrifting":true,"isAtRisk":false},{"id":12826,"customerId":5896,"customerName":"Savannah Jones","customerPhone":"(213) 700-7558","churnRiskScore":40,"churnRiskLabel":"medium","ltv12Month":"412.00","ltvScore":55,"daysSinceLast":68,"avgCadenceDays":"45.0","lastWinbackSentAt":null,"isDrifting":true,"isAtRisk":false},{"id":12921,"customerId":5991,"customerName":"Audrey Lopez","customerPhone":"(305) 603-3526","churnRiskScore":50,"churnRiskLabel":"high","ltv12Month":"410.00","ltvScore":55,"daysSinceLast":103,"avgCadenceDays":"47.0","lastWinbackSentAt":null,"isDrifting":true,"isAtRisk":true},{"id":12903,"customerId":5973,"customerName":"Anna Thomas","customerPhone":"(512) 691-2617","churnRiskScore":50,"churnRiskLabel":"high","ltv12Month":"407.00","ltvScore":55,"daysSinceLast":116,"avgCadenceDays":"32.0","lastWinbackSentAt":null,"isDrifting":true,"isAtRisk":true},{"id":12915,"customerId":5985,"customerName":"Mark Flores","customerPhone":"(305) 859-5645","churnRiskScore":50,"churnRiskLabel":"high","ltv12Month":"406.00","ltvScore":55,"daysSinceLast":112,"avgCadenceDays":"47.0","lastWinbackSentAt":null,"isDrifting":true,"isAtRisk":true},{"id":12852,"customerId":5922,"customerName":"James Rodriguez","customerPhone":"(404) 380-2647","churnRiskScore":40,"churnRiskLabel":"medium","ltv12Month":"405.00","ltvScore":55,"daysSinceLast":71,"avgCadenceDays":"45.0","lastWinbackSentAt":null,"isDrifting":true,"isAtRisk":false},{"id":12930,"customerId":6000,"customerName":"Kenneth Smith","customerPhone":"(956) 704-6327","churnRiskScore":50,"churnRiskLabel":"high","ltv12Month":"387.00","ltvScore":55,"daysSinceLast":141,"avgCadenceDays":"44.0","lastWinbackSentAt":null,"isDrifting":true,"isAtRisk":true}],"scoreHistory":[{"score":75,"date":"2026-05-13T09:52:15.995Z"}],"recentInterventions":[],"summary":{"totalClients":395,"driftingClients":84,"atRiskClients":43,"avgLtv12Month":282.546835443038,"lastComputedAt":"2026-05-13T09:52:15.995Z"}}
2026-05-13 09:52:33 +00:00: 9:52:33 AM [express] GET /api/intelligence/revenue-leakage 200 in 56ms :: {"period":"Last 90 days","totalLeakage":3710,"breakdown":{"noShowLoss":3229,"noShowCount":52,"cancellationLoss":348,"cancellationCount":8,"discountLoss":0,"discountCount":0,"deadSeatLoss":400,"deadSeatEstimate":true},"leakageByMonth":[{"month":"Mar 26","noShowLoss":931,"cancellationLoss":130,"discountLoss":0},{"month":"Apr 26","noShowLoss":994,"cancellationLoss":130,"discountLoss":0},{"month":"May 26","noShowLoss":310,"cancellationLoss":0,"discountLoss":0}],"topLeakageServices":[{"serviceName":"Express Treatment","noShowCount":12,"estimatedLoss":745},{"serviceName":"Deluxe Service","noShowCount":11,"estimatedLoss":683},{"serviceName":"Full Treatment","noShowCount":9,"estimatedLoss":559},{"serviceName":"Classic Service","noShowCount":9,"estimatedLoss":559},{"serviceName":"Maintenance Service","noShowCount":8,"estimatedLoss":497}],"recoveryPotential":1484,"recommendations":["Enable SMS reminders 24 hours before appointments to reduce no-shows","Send cancellation recovery messages to fill last-minute open slots"]}
2026-05-13 09:52:33 +00:00: 9:52:33 AM [express] GET /api/billing/sms-status/3 304 in 34ms :: {"smsAllowance":0,"smsCredits":0,"smsCreditsTotalPurchased":0,"planMonthlyAllowance":0,"planName":"Free","packages":[{"id":"10","priceCents":1000,"credits":333,"label":"$10 — 333 SMS"},{"id":"25","priceCents":2500,"credits":833,"label":"$25 — 833 SMS"},{"id":"50","priceCents":5000,"credits":1666,"label":"$50 — 1,666 SMS"}]}
2026-05-13 09:52:33 +00:00: 9:52:33 AM [express] GET /api/intelligence/daily-digest 500 in 65ms :: {"error":"Failed to fetch daily digest"}
2026-05-13 09:52:33 +00:00: 9:52:33 AM [express] GET /api/intelligence/growth-score 200 in 83ms :: {"snapshot":{"id":51,"storeId":3,"overallScore":75,"retentionScore":65,"rebookingScore":100,"utilizationScore":100,"revenueScore":20,"newClientScore":100,"activeClients":395,"driftingClients":84,"atRiskClients":43,"avgRebookingRate":"78.50","seatUtilizationPct":"96.00","monthlyRevenue":"9860.00","snapshotDate":"2026-05-13T09:52:15.995Z"},"history":[{"id":51,"storeId":3,"overallScore":75,"retentionScore":65,"rebookingScore":100,"utilizationScore":100,"revenueScore":20,"newClientScore":100,"activeClients":395,"driftingClients":84,"atRiskClients":43,"avgRebookingRate":"78.50","seatUtilizationPct":"96.00","monthlyRevenue":"9860.00","snapshotDate":"2026-05-13T09:52:15.995Z"}],"live":{"hasData":true,"overallScore":70,"grade":"B","components":{"retention":{"score":65,"label":"Moderate","detail":"84 drifting, 43 at risk"},"rebooking":{"score":80,"label":"Strong","detail":"59% avg rebooking rate"},"utilization":{"score":100,"label":"Strong","detail":"96% seat fill rate"},"revenue":{"score":20,"label":"Declining","detail":"-23% vs last month"},"newClients":{"score":100,"label":"Strong","detail":"212 new clients this month"}},"insights":["84 clients are drifting — a win-back campaign could recover revenue","Revenue is down 23% from last month","43 high-value clients are at churn risk"],"activeClients":395,"driftingClients":84,"atRiskClients":43,"monthlyRevenue":9860,"avgRebookingRate":59.42278481012658,"seatUtilizationPct":96}}
2026-05-13 09:52:39 +00:00: 9:52:39 AM [express] GET /api/intelligence/demo/status 200 in 5ms :: {"status":"cooldown","resetAt":1778671343412,"msLeft":5384014}
2026-05-13 09:52:45 +00:00: 9:52:45 AM [express] GET /api/intelligence/demo/status 200 in 5ms :: {"status":"cooldown","resetAt":1778671343412,"msLeft":5378019}
2026-05-13 09:52:51 +00:00: 9:52:51 AM [express] GET /api/intelligence/demo/status 200 in 6ms :: {"status":"cooldown","resetAt":1778671343412,"msLeft":5372018}
2026-05-13 09:52:57 +00:00: 9:52:57 AM [express] GET /api/intelligence/demo/status 200 in 6ms :: {"status":"cooldown","resetAt":1778671343412,"msLeft":5366015}
2026-05-13 09:53:03 +00:00: 9:53:03 AM [express] GET /api/intelligence/demo/status 200 in 6ms :: {"status":"cooldown","resetAt":1778671343412,"msLeft":5360015}
2026-05-13 09:53:03 +00:00: 9:53:03 AM [express] GET /api/sms-inbox/conversations 304 in 5ms :: []
2026-05-13 09:53:09 +00:00: 9:53:09 AM [express] GET /api/intelligence/demo/status 200 in 6ms :: {"status":"cooldown","resetAt":1778671343412,"msLeft":5354013}
2026-05-13 09:53:15 +00:00: 9:53:15 AM [express] GET /api/intelligence/demo/status 200 in 6ms :: {"status":"cooldown","resetAt":1778671343412,"msLeft":5348020}
2026-05-13 09:53:21 +00:00: 9:53:21 AM [express] GET /api/intelligence/demo/status 200 in 5ms :: {"status":"cooldown","resetAt":1778671343412,"msLeft":5342016}
2026-05-13 09:53:26 +00:00: [SMS] Processed 3 reminder(s)
2026-05-13 09:53:26 +00:00: [Email] Processed 3 reminder(s)
2026-05-13 09:53:27 +00:00: 9:53:27 AM [express] GET /api/intelligence/demo/status 200 in 7ms :: {"status":"cooldown","resetAt":1778671343412,"msLeft":5336012}
2026-05-13 09:53:33 +00:00: 9:53:33 AM [express] GET /api/intelligence/demo/status 200 in 6ms :: {"status":"cooldown","resetAt":1778671343412,"msLeft":5330013}
2026-05-13 09:53:33 +00:00: 9:53:33 AM [express] GET /api/training/notifications 304 in 5ms :: {"notifications":[]}
2026-05-13 09:53:33 +00:00: 9:53:33 AM [express] GET /api/billing/sms-status/3 304 in 7ms :: {"smsAllowance":0,"smsCredits":0,"smsCreditsTotalPurchased":0,"planMonthlyAllowance":0,"planName":"Free","packages":[{"id":"10","priceCents":1000,"credits":333,"label":"$10 — 333 SMS"},{"id":"25","priceCents":2500,"credits":833,"label":"$25 — 833 SMS"},{"id":"50","priceCents":5000,"credits":1666,"label":"$50 — 1,666 SMS"}]}
2026-05-13 09:53:33 +00:00: 9:53:33 AM [express] GET /api/sms-inbox/conversations 304 in 6ms :: []
2026-05-13 09:53:39 +00:00: 9:53:39 AM [express] GET /api/intelligence/demo/status 200 in 6ms :: {"status":"cooldown","resetAt":1778671343412,"msLeft":5324018}
2026-05-13 09:53:42 +00:00: 9:53:42 AM [express] GET /api/training/state 304 in 9ms :: {"enrolled":true,"profile":{"userId":"2d91b70d-b8eb-4f8d-9253-88b99321969a","enrolledAt":"2026-05-11T17:38:30.411Z","graduatedAt":null,"graduationNotifiedOwner":false,"graduationStaffNotified":false,"day7DigestSentAt":null},"categories":[],"state":[],"settings":{"enabled":true,"autoEnrollNewStaff":true,"graduationMinDays":7,"showHelpBubbleAfterGraduation":true,"storeId":null}}
2026-05-13 09:53:45 +00:00: 9:53:45 AM [express] GET /api/intelligence/demo/status 200 in 6ms :: {"status":"cooldown","resetAt":1778671343412,"msLeft":5318022}
2026-05-13 09:53:51 +00:00: 9:53:51 AM [express] GET /api/intelligence/demo/status 200 in 6ms :: {"status":"cooldown","resetAt":1778671343412,"msLeft":5312021}
2026-05-13 09:53:57 +00:00: 9:53:57 AM [express] GET /api/intelligence/demo/status 200 in 5ms :: {"status":"cooldown","resetAt":1778671343412,"msLeft":5306014}
2026-05-13 09:54:03 +00:00: 9:54:03 AM [express] GET /api/intelligence/demo/status 200 in 6ms :: {"status":"cooldown","resetAt":1778671343412,"msLeft":5300012}
2026-05-13 09:54:03 +00:00: 9:54:03 AM [express] GET /api/sms-inbox/conversations 304 in 5ms :: []
2026-05-13 09:54:09 +00:00: 9:54:09 AM [express] GET /api/intelligence/demo/status 200 in 6ms :: {"status":"cooldown","resetAt":1778671343412,"msLeft":5294017}
2026-05-13 09:54:15 +00:00: 9:54:15 AM [express] GET /api/intelligence/demo/status 200 in 7ms :: {"status":"cooldown","resetAt":1778671343412,"msLeft":5288021}
2026-05-13 09:54:21 +00:00: 9:54:21 AM [express] GET /api/intelligence/demo/status 200 in 6ms :: {"status":"cooldown","resetAt":1778671343412,"msLeft":5282020}
2026-05-13 09:54:27 +00:00: 9:54:27 AM [express] GET /api/intelligence/demo/status 200 in 5ms :: {"status":"cooldown","resetAt":1778671343412,"msLeft":5276015}
2026-05-13 09:54:33 +00:00: 9:54:33 AM [express] GET /api/intelligence/demo/status 200 in 6ms :: {"status":"cooldown","resetAt":1778671343412,"msLeft":5270017}
2026-05-13 09:54:33 +00:00: 9:54:33 AM [express] GET /api/training/notifications 304 in 5ms :: {"notifications":[]}
2026-05-13 09:54:33 +00:00: 9:54:33 AM [express] GET /api/billing/sms-status/3 304 in 6ms :: {"smsAllowance":0,"smsCredits":0,"smsCreditsTotalPurchased":0,"planMonthlyAllowance":0,"planName":"Free","packages":[{"id":"10","priceCents":1000,"credits":333,"label":"$10 — 333 SMS"},{"id":"25","priceCents":2500,"credits":833,"label":"$25 — 833 SMS"},{"id":"50","priceCents":5000,"credits":1666,"label":"$50 — 1,666 SMS"}]}
2026-05-13 09:54:33 +00:00: 9:54:33 AM [express] GET /api/sms-inbox/conversations 304 in 5ms :: []
2026-05-13 09:54:39 +00:00: 9:54:39 AM [express] GET /api/intelligence/demo/status 200 in 6ms :: {"status":"cooldown","resetAt":1778671343412,"msLeft":5264020}
2026-05-13 09:54:45 +00:00: 9:54:45 AM [express] GET /api/intelligence/demo/status 200 in 5ms :: {"status":"cooldown","resetAt":1778671343412,"msLeft":5258022}
2026-05-13 09:54:51 +00:00: 9:54:51 AM [express] GET /api/intelligence/demo/status 200 in 6ms :: {"status":"cooldown","resetAt":1778671343412,"msLeft":5252024}
2026-05-13 09:54:57 +00:00: 9:54:57 AM [express] GET /api/intelligence/demo/status 200 in 6ms :: {"status":"cooldown","resetAt":1778671343412,"msLeft":5246015}
2026-05-13 09:55:03 +00:00: 9:55:03 AM [express] GET /api/intelligence/demo/status 200 in 6ms :: {"status":"cooldown","resetAt":1778671343412,"msLeft":5239918}
2026-05-13 09:55:03 +00:00: 9:55:03 AM [express] GET /api/sms-inbox/conversations 304 in 6ms :: []
2026-05-13 09:55:09 +00:00: 9:55:09 AM [express] GET /api/intelligence/demo/status 200 in 6ms :: {"status":"cooldown","resetAt":1778671343412,"msLeft":5233993}
2026-05-13 09:55:15 +00:00: 9:55:15 AM [express] GET /api/intelligence/demo/status 200 in 6ms :: {"status":"cooldown","resetAt":1778671343412,"msLeft":5228015}
2026-05-13 09:55:21 +00:00: 9:55:21 AM [express] GET /api/intelligence/demo/status 200 in 5ms :: {"status":"cooldown","resetAt":1778671343412,"msLeft":5222008}
2026-05-13 09:55:27 +00:00: 9:55:27 AM [express] GET /api/intelligence/demo/status 200 in 6ms :: {"status":"cooldown","resetAt":1778671343412,"msLeft":5216015}
2026-05-13 09:55:33 +00:00: 9:55:33 AM [express] GET /api/intelligence/demo/status 200 in 6ms :: {"status":"cooldown","resetAt":1778671343412,"msLeft":5210012}
2026-05-13 09:55:33 +00:00: 9:55:33 AM [express] GET /api/training/notifications 304 in 6ms :: {"notifications":[]}
2026-05-13 09:55:33 +00:00: 9:55:33 AM [express] GET /api/billing/sms-status/3 304 in 6ms :: {"smsAllowance":0,"smsCredits":0,"smsCreditsTotalPurchased":0,"planMonthlyAllowance":0,"planName":"Free","packages":[{"id":"10","priceCents":1000,"credits":333,"label":"$10 — 333 SMS"},{"id":"25","priceCents":2500,"credits":833,"label":"$25 — 833 SMS"},{"id":"50","priceCents":5000,"credits":1666,"label":"$50 — 1,666 SMS"}]}
2026-05-13 09:55:33 +00:00: 9:55:33 AM [express] GET /api/sms-inbox/conversations 304 in 6ms :: []
2026-05-13 09:55:39 +00:00: 9:55:39 AM [express] GET /api/intelligence/demo/status 200 in 5ms :: {"status":"cooldown","resetAt":1778671343412,"msLeft":5204018}
2026-05-13 09:55:45 +00:00: 9:55:45 AM [express] GET /api/intelligence/demo/status 200 in 5ms :: {"status":"cooldown","resetAt":1778671343412,"msLeft":5198008}
2026-05-13 09:55:51 +00:00: 9:55:51 AM [express] GET /api/intelligence/demo/status 200 in 5ms :: {"status":"cooldown","resetAt":1778671343412,"msLeft":5192009}
2026-05-13 09:55:57 +00:00: 9:55:57 AM [express] GET /api/intelligence/demo/status 200 in 6ms :: {"status":"cooldown","resetAt":1778671343412,"msLeft":5186014}
2026-05-13 09:56:03 +00:00: 9:56:03 AM [express] GET /api/intelligence/demo/status 200 in 8ms :: {"status":"cooldown","resetAt":1778671343412,"msLeft":5180015}
2026-05-13 09:56:03 +00:00: 9:56:03 AM [express] GET /api/sms-inbox/conversations 304 in 5ms :: []
2026-05-13 09:56:09 +00:00: 9:56:09 AM [express] GET /api/intelligence/demo/status 200 in 6ms :: {"status":"cooldown","resetAt":1778671343412,"msLeft":5174005}
2026-05-13 09:56:15 +00:00: 9:56:15 AM [express] GET /api/intelligence/demo/status 200 in 6ms :: {"status":"cooldown","resetAt":1778671343412,"msLeft":5168018}
2026-05-13 09:56:21 +00:00: 9:56:21 AM [express] GET /api/intelligence/demo/status 200 in 6ms :: {"status":"cooldown","resetAt":1778671343412,"msLeft":5162008}
2026-05-13 09:56:27 +00:00: 9:56:27 AM [express] GET /api/intelligence/demo/status 200 in 6ms :: {"status":"cooldown","resetAt":1778671343412,"msLeft":5156006}
2026-05-13 09:56:33 +00:00: 9:56:33 AM [express] GET /api/intelligence/demo/status 200 in 5ms :: {"status":"cooldown","resetAt":1778671343412,"msLeft":5150007}
2026-05-13 09:56:33 +00:00: 9:56:33 AM [express] GET /api/training/notifications 304 in 5ms :: {"notifications":[]}
2026-05-13 09:56:33 +00:00: 9:56:33 AM [express] GET /api/billing/sms-status/3 304 in 6ms :: {"smsAllowance":0,"smsCredits":0,"smsCreditsTotalPurchased":0,"planMonthlyAllowance":0,"planName":"Free","packages":[{"id":"10","priceCents":1000,"credits":333,"label":"$10 — 333 SMS"},{"id":"25","priceCents":2500,"credits":833,"label":"$25 — 833 SMS"},{"id":"50","priceCents":5000,"credits":1666,"label":"$50 — 1,666 SMS"}]}
2026-05-13 09:56:33 +00:00: 9:56:33 AM [express] GET /api/sms-inbox/conversations 304 in 5ms :: []
2026-05-13 09:56:39 +00:00: 9:56:39 AM [express] GET /api/intelligence/demo/status 200 in 5ms :: {"status":"cooldown","resetAt":1778671343412,"msLeft":5144007}
2026-05-13 09:56:45 +00:00: 9:56:45 AM [express] GET /api/intelligence/demo/status 200 in 5ms :: {"status":"cooldown","resetAt":1778671343412,"msLeft":5138020}
2026-05-13 09:56:51 +00:00: 9:56:51 AM [express] GET /api/intelligence/demo/status 200 in 7ms :: {"status":"cooldown","resetAt":1778671343412,"msLeft":5132014}
2026-05-13 09:56:57 +00:00: 9:56:57 AM [express] GET /api/intelligence/demo/status 200 in 6ms :: {"status":"cooldown","resetAt":1778671343412,"msLeft":5126019}
2026-05-13 09:57:03 +00:00: 9:57:03 AM [express] GET /api/intelligence/demo/status 200 in 6ms :: {"status":"cooldown","resetAt":1778671343412,"msLeft":5120006}
2026-05-13 09:57:03 +00:00: 9:57:03 AM [express] GET /api/sms-inbox/conversations 304 in 5ms :: []
2026-05-13 09:57:09 +00:00: 9:57:09 AM [express] GET /api/intelligence/demo/status 200 in 6ms :: {"status":"cooldown","resetAt":1778671343412,"msLeft":5114010}
2026-05-13 09:57:15 +00:00: 9:57:15 AM [express] GET /api/intelligence/demo/status 200 in 6ms :: {"status":"cooldown","resetAt":1778671343412,"msLeft":5108011}
2026-05-13 09:57:21 +00:00: 9:57:21 AM [express] GET /api/intelligence/demo/status 200 in 5ms :: {"status":"cooldown","resetAt":1778671343412,"msLeft":5102017}
2026-05-13 09:57:27 +00:00: 9:57:27 AM [express] GET /api/intelligence/demo/status 200 in 6ms :: {"status":"cooldown","resetAt":1778671343412,"msLeft":5096013}
2026-05-13 09:57:33 +00:00: 9:57:33 AM [express] GET /api/billing/account-status 304 in 6ms :: {"accountStatus":"active","salonId":null,"suspendedAt":null,"lockedAt":null,"suspendedReason":null}
2026-05-13 09:57:33 +00:00: 9:57:33 AM [express] GET /api/intelligence/demo/status 200 in 7ms :: {"status":"cooldown","resetAt":1778671343412,"msLeft":5090011}
2026-05-13 09:57:33 +00:00: 9:57:33 AM [express] GET /api/training/state 304 in 10ms :: {"enrolled":true,"profile":{"userId":"2d91b70d-b8eb-4f8d-9253-88b99321969a","enrolledAt":"2026-05-11T17:38:30.411Z","graduatedAt":null,"graduationNotifiedOwner":false,"graduationStaffNotified":false,"day7DigestSentAt":null},"categories":[],"state":[],"settings":{"enabled":true,"autoEnrollNewStaff":true,"graduationMinDays":7,"showHelpBubbleAfterGraduation":true,"storeId":null}}
2026-05-13 09:57:33 +00:00: 9:57:33 AM [express] GET /api/intelligence/daily-digest 500 in 46ms :: {"error":"Failed to fetch daily digest"}
2026-05-13 09:57:33 +00:00: 9:57:33 AM [express] GET /api/training/notifications 304 in 6ms :: {"notifications":[]}
2026-05-13 09:57:33 +00:00: 9:57:33 AM [express] GET /api/billing/sms-status/3 304 in 8ms :: {"smsAllowance":0,"smsCredits":0,"smsCreditsTotalPurchased":0,"planMonthlyAllowance":0,"planName":"Free","packages":[{"id":"10","priceCents":1000,"credits":333,"label":"$10 — 333 SMS"},{"id":"25","priceCents":2500,"credits":833,"label":"$25 — 833 SMS"},{"id":"50","priceCents":5000,"credits":1666,"label":"$50 — 1,666 SMS"}]}
2026-05-13 09:57:34 +00:00: 9:57:34 AM [express] GET /api/sms-inbox/conversations 304 in 5ms :: []
2026-05-13 09:57:39 +00:00: 9:57:39 AM [express] GET /api/intelligence/demo/status 200 in 6ms :: {"status":"cooldown","resetAt":1778671343412,"msLeft":5084013}
2026-05-13 09:57:45 +00:00: 9:57:45 AM [express] GET /api/intelligence/demo/status 200 in 6ms :: {"status":"cooldown","resetAt":1778671343412,"msLeft":5078009}
2026-05-13 09:57:51 +00:00: 9:57:51 AM [express] GET /api/intelligence/demo/status 200 in 6ms :: {"status":"cooldown","resetAt":1778671343412,"msLeft":5072019}
2026-05-13 09:57:58 +00:00: 9:57:58 AM [express] GET /api/intelligence/demo/status 200 in 5ms :: {"status":"cooldown","resetAt":1778671343412,"msLeft":5065371}
2026-05-13 09:58:04 +00:00: 9:58:04 AM [express] GET /api/intelligence/demo/status 200 in 6ms :: {"status":"cooldown","resetAt":1778671343412,"msLeft":5059370}
2026-05-13 09:58:10 +00:00: 9:58:10 AM [express] GET /api/intelligence/demo/status 200 in 6ms :: {"status":"cooldown","resetAt":1778671343412,"msLeft":5053384}
2026-05-13 09:58:16 +00:00: 9:58:16 AM [express] GET /api/intelligence/demo/status 200 in 5ms :: {"status":"cooldown","resetAt":1778671343412,"msLeft":5047376}
2026-05-13 09:58:22 +00:00: 9:58:22 AM [express] GET /api/intelligence/demo/status 200 in 7ms :: {"status":"cooldown","resetAt":1778671343412,"msLeft":5041376}
2026-05-13 09:58:26 +00:00: [SMS] Processed 3 reminder(s)
2026-05-13 09:58:26 +00:00: [Email] Processed 3 reminder(s)
2026-05-13 09:58:28 +00:00: 9:58:28 AM [express] GET /api/intelligence/demo/status 200 in 7ms :: {"status":"cooldown","resetAt":1778671343412,"msLeft":5035375}
2026-05-13 09:58:34 +00:00: 9:58:34 AM [express] GET /api/intelligence/demo/status 200 in 5ms :: {"status":"cooldown","resetAt":1778671343412,"msLeft":5029379}
2026-05-13 09:58:40 +00:00: 9:58:40 AM [express] GET /api/intelligence/demo/status 200 in 5ms :: {"status":"cooldown","resetAt":1778671343412,"msLeft":5023384}
2026-05-13 09:58:42 +00:00: 9:58:42 AM [express] GET /api/training/state 304 in 8ms :: {"enrolled":true,"profile":{"userId":"2d91b70d-b8eb-4f8d-9253-88b99321969a","enrolledAt":"2026-05-11T17:38:30.411Z","graduatedAt":null,"graduationNotifiedOwner":false,"graduationStaffNotified":false,"day7DigestSentAt":null},"categories":[],"state":[],"settings":{"enabled":true,"autoEnrollNewStaff":true,"graduationMinDays":7,"showHelpBubbleAfterGraduation":true,"storeId":null}}
2026-05-13 09:58:46 +00:00: 9:58:46 AM [express] GET /api/intelligence/demo/status 200 in 5ms :: {"status":"cooldown","resetAt":1778671343412,"msLeft":5017348}
2026-05-13 09:58:52 +00:00: 9:58:52 AM [express] GET /api/intelligence/demo/status 200 in 6ms :: {"status":"cooldown","resetAt":1778671343412,"msLeft":5011370}
2026-05-13 09:59:42 +00:00: 9:59:42 AM [express] GET /api/intelligence/demo/status 200 in 19ms :: {"status":"cooldown","resetAt":1778671343412,"msLeft":4961340}
2026-05-13 10:00:42 +00:00: 10:00:42 AM [express] GET /api/intelligence/demo/status 200 in 21ms :: {"status":"cooldown","resetAt":1778671343412,"msLeft":4901340}
2026-05-13 10:01:42 +00:00: 10:01:42 AM [express] GET /api/intelligence/demo/status 200 in 18ms :: {"status":"cooldown","resetAt":1778671343412,"msLeft":4841362}
2026-05-13 10:02:34 +00:00: 10:02:34 AM [express] GET /api/training/state 304 in 20ms :: {"enrolled":true,"profile":{"userId":"2d91b70d-b8eb-4f8d-9253-88b99321969a","enrolledAt":"2026-05-11T17:38:30.411Z","graduatedAt":null,"graduationNotifiedOwner":false,"graduationStaffNotified":false,"day7DigestSentAt":null},"categories":[],"state":[],"settings":{"enabled":true,"autoEnrollNewStaff":true,"graduationMinDays":7,"showHelpBubbleAfterGraduation":true,"storeId":null}}
2026-05-13 10:02:42 +00:00: 10:02:42 AM [express] GET /api/intelligence/demo/status 200 in 6ms :: {"status":"cooldown","resetAt":1778671343412,"msLeft":4781347}
2026-05-13 10:03:26 +00:00: [SMS] Processed 1 reminder(s)
2026-05-13 10:03:26 +00:00: [Email] Processed 1 reminder(s)
2026-05-13 10:03:42 +00:00: 10:03:42 AM [express] GET /api/intelligence/demo/status 200 in 19ms :: {"status":"cooldown","resetAt":1778671343412,"msLeft":4721359}
2026-05-13 10:03:42 +00:00: 10:03:42 AM [express] GET /api/training/state 304 in 8ms :: {"enrolled":true,"profile":{"userId":"2d91b70d-b8eb-4f8d-9253-88b99321969a","enrolledAt":"2026-05-11T17:38:30.411Z","graduatedAt":null,"graduationNotifiedOwner":false,"graduationStaffNotified":false,"day7DigestSentAt":null},"categories":[],"state":[],"settings":{"enabled":true,"autoEnrollNewStaff":true,"graduationMinDays":7,"showHelpBubbleAfterGraduation":true,"storeId":null}}
2026-05-13 10:04:42 +00:00: 10:04:42 AM [express] GET /api/intelligence/demo/status 200 in 21ms :: {"status":"cooldown","resetAt":1778671343412,"msLeft":4661349}
2026-05-13 10:05:42 +00:00: 10:05:42 AM [express] GET /api/intelligence/demo/status 200 in 18ms :: {"status":"cooldown","resetAt":1778671343412,"msLeft":4601311}
2026-05-13 10:06:42 +00:00: 10:06:42 AM [express] GET /api/intelligence/demo/status 200 in 19ms :: {"status":"cooldown","resetAt":1778671343412,"msLeft":4541357}
2026-05-13 10:07:34 +00:00: 10:07:34 AM [express] GET /api/training/state 304 in 21ms :: {"enrolled":true,"profile":{"userId":"2d91b70d-b8eb-4f8d-9253-88b99321969a","enrolledAt":"2026-05-11T17:38:30.411Z","graduatedAt":null,"graduationNotifiedOwner":false,"graduationStaffNotified":false,"day7DigestSentAt":null},"categories":[],"state":[],"settings":{"enabled":true,"autoEnrollNewStaff":true,"graduationMinDays":7,"showHelpBubbleAfterGraduation":true,"storeId":null}}
2026-05-13 10:07:42 +00:00: 10:07:42 AM [express] GET /api/intelligence/demo/status 200 in 6ms :: {"status":"cooldown","resetAt":1778671343412,"msLeft":4481372}
2026-05-13 10:08:26 +00:00: [SMS] Processed 1 reminder(s)
2026-05-13 10:08:26 +00:00: [Email] Processed 1 reminder(s)
2026-05-13 10:08:42 +00:00: 10:08:42 AM [express] GET /api/intelligence/demo/status 200 in 19ms :: {"status":"cooldown","resetAt":1778671343412,"msLeft":4421358}
2026-05-13 10:08:42 +00:00: 10:08:42 AM [express] GET /api/training/state 304 in 20ms :: {"enrolled":true,"profile":{"userId":"2d91b70d-b8eb-4f8d-9253-88b99321969a","enrolledAt":"2026-05-11T17:38:30.411Z","graduatedAt":null,"graduationNotifiedOwner":false,"graduationStaffNotified":false,"day7DigestSentAt":null},"categories":[],"state":[],"settings":{"enabled":true,"autoEnrollNewStaff":true,"graduationMinDays":7,"showHelpBubbleAfterGraduation":true,"storeId":null}}
2026-05-13 10:09:42 +00:00: 10:09:42 AM [express] GET /api/intelligence/demo/status 200 in 20ms :: {"status":"cooldown","resetAt":1778671343412,"msLeft":4361351}
2026-05-13 10:10:42 +00:00: 10:10:42 AM [express] GET /api/intelligence/demo/status 200 in 17ms :: {"status":"cooldown","resetAt":1778671343412,"msLeft":4301359}
2026-05-13 10:11:42 +00:00: 10:11:42 AM [express] GET /api/intelligence/demo/status 200 in 19ms :: {"status":"cooldown","resetAt":1778671343412,"msLeft":4241359}
2026-05-13 10:12:34 +00:00: 10:12:34 AM [express] GET /api/training/state 304 in 19ms :: {"enrolled":true,"profile":{"userId":"2d91b70d-b8eb-4f8d-9253-88b99321969a","enrolledAt":"2026-05-11T17:38:30.411Z","graduatedAt":null,"graduationNotifiedOwner":false,"graduationStaffNotified":false,"day7DigestSentAt":null},"categories":[],"state":[],"settings":{"enabled":true,"autoEnrollNewStaff":true,"graduationMinDays":7,"showHelpBubbleAfterGraduation":true,"storeId":null}}
2026-05-13 10:12:42 +00:00: 10:12:42 AM [express] GET /api/intelligence/demo/status 200 in 6ms :: {"status":"cooldown","resetAt":1778671343412,"msLeft":4181362}
2026-05-13 10:13:26 +00:00: [SMS] Processed 1 reminder(s)
2026-05-13 10:13:26 +00:00: [Email] Processed 1 reminder(s)
2026-05-13 10:13:42 +00:00: 10:13:42 AM [express] GET /api/intelligence/demo/status 200 in 20ms :: {"status":"cooldown","resetAt":1778671343412,"msLeft":4121347}
2026-05-13 10:13:42 +00:00: 10:13:42 AM [express] GET /api/training/state 304 in 6ms :: {"enrolled":true,"profile":{"userId":"2d91b70d-b8eb-4f8d-9253-88b99321969a","enrolledAt":"2026-05-11T17:38:30.411Z","graduatedAt":null,"graduationNotifiedOwner":false,"graduationStaffNotified":false,"day7DigestSentAt":null},"categories":[],"state":[],"settings":{"enabled":true,"autoEnrollNewStaff":true,"graduationMinDays":7,"showHelpBubbleAfterGraduation":true,"storeId":null}}
2026-05-13 10:14:42 +00:00: 10:14:42 AM [express] GET /api/intelligence/demo/status 200 in 21ms :: {"status":"cooldown","resetAt":1778671343412,"msLeft":4061354}
2026-05-13 10:15:42 +00:00: 10:15:42 AM [express] GET /api/intelligence/demo/status 200 in 18ms :: {"status":"cooldown","resetAt":1778671343412,"msLeft":4001365}
2026-05-13 10:16:42 +00:00: 10:16:42 AM [express] GET /api/intelligence/demo/status 200 in 19ms :: {"status":"cooldown","resetAt":1778671343412,"msLeft":3941343}
2026-05-13 10:17:34 +00:00: 10:17:34 AM [express] GET /api/training/state 304 in 19ms :: {"enrolled":true,"profile":{"userId":"2d91b70d-b8eb-4f8d-9253-88b99321969a","enrolledAt":"2026-05-11T17:38:30.411Z","graduatedAt":null,"graduationNotifiedOwner":false,"graduationStaffNotified":false,"day7DigestSentAt":null},"categories":[],"state":[],"settings":{"enabled":true,"autoEnrollNewStaff":true,"graduationMinDays":7,"showHelpBubbleAfterGraduation":true,"storeId":null}}
2026-05-13 10:17:42 +00:00: 10:17:42 AM [express] GET /api/intelligence/demo/status 200 in 6ms :: {"status":"cooldown","resetAt":1778671343412,"msLeft":3881370}
2026-05-13 10:18:42 +00:00: 10:18:42 AM [express] GET /api/intelligence/demo/status 200 in 20ms :: {"status":"cooldown","resetAt":1778671343412,"msLeft":3821350}
2026-05-13 10:18:42 +00:00: 10:18:42 AM [express] GET /api/training/state 304 in 22ms :: {"enrolled":true,"profile":{"userId":"2d91b70d-b8eb-4f8d-9253-88b99321969a","enrolledAt":"2026-05-11T17:38:30.411Z","graduatedAt":null,"graduationNotifiedOwner":false,"graduationStaffNotified":false,"day7DigestSentAt":null},"categories":[],"state":[],"settings":{"enabled":true,"autoEnrollNewStaff":true,"graduationMinDays":7,"showHelpBubbleAfterGraduation":true,"storeId":null}}
2026-05-13 10:19:42 +00:00: 10:19:42 AM [express] GET /api/intelligence/demo/status 200 in 25ms :: {"status":"cooldown","resetAt":1778671343412,"msLeft":3761350}
2026-05-13 10:20:42 +00:00: 10:20:42 AM [express] GET /api/intelligence/demo/status 200 in 19ms :: {"status":"cooldown","resetAt":1778671343412,"msLeft":3701350}
2026-05-13 10:21:42 +00:00: 10:21:42 AM [express] GET /api/intelligence/demo/status 200 in 18ms :: {"status":"cooldown","resetAt":1778671343412,"msLeft":3641359}
2026-05-13 10:22:42 +00:00: 10:22:42 AM [express] GET /api/intelligence/demo/status 200 in 19ms :: {"status":"cooldown","resetAt":1778671343412,"msLeft":3581362}
2026-05-13 10:22:42 +00:00: 10:22:42 AM [express] GET /api/training/state 304 in 7ms :: {"enrolled":true,"profile":{"userId":"2d91b70d-b8eb-4f8d-9253-88b99321969a","enrolledAt":"2026-05-11T17:38:30.411Z","graduatedAt":null,"graduationNotifiedOwner":false,"graduationStaffNotified":false,"day7DigestSentAt":null},"categories":[],"state":[],"settings":{"enabled":true,"autoEnrollNewStaff":true,"graduationMinDays":7,"showHelpBubbleAfterGraduation":true,"storeId":null}}
2026-05-13 10:23:42 +00:00: 10:23:42 AM [express] GET /api/intelligence/demo/status 200 in 20ms :: {"status":"cooldown","resetAt":1778671343412,"msLeft":3521342}
2026-05-13 10:23:42 +00:00: 10:23:42 AM [express] GET /api/training/state 304 in 24ms :: {"enrolled":true,"profile":{"userId":"2d91b70d-b8eb-4f8d-9253-88b99321969a","enrolledAt":"2026-05-11T17:38:30.411Z","graduatedAt":null,"graduationNotifiedOwner":false,"graduationStaffNotified":false,"day7DigestSentAt":null},"categories":[],"state":[],"settings":{"enabled":true,"autoEnrollNewStaff":true,"graduationMinDays":7,"showHelpBubbleAfterGraduation":true,"storeId":null}}
2026-05-13 10:24:42 +00:00: 10:24:42 AM [express] GET /api/intelligence/demo/status 200 in 19ms :: {"status":"cooldown","resetAt":1778671343412,"msLeft":3461354}
2026-05-13 10:25:42 +00:00: 10:25:42 AM [express] GET /api/intelligence/demo/status 200 in 21ms :: {"status":"cooldown","resetAt":1778671343412,"msLeft":3401246}
2026-05-13 10:26:42 +00:00: 10:26:42 AM [express] GET /api/intelligence/demo/status 200 in 19ms :: {"status":"cooldown","resetAt":1778671343412,"msLeft":3341354}
2026-05-13 10:27:42 +00:00: 10:27:42 AM [express] GET /api/intelligence/demo/status 200 in 19ms :: {"status":"cooldown","resetAt":1778671343412,"msLeft":3281367}
2026-05-13 10:27:42 +00:00: 10:27:42 AM [express] GET /api/training/state 304 in 23ms :: {"enrolled":true,"profile":{"userId":"2d91b70d-b8eb-4f8d-9253-88b99321969a","enrolledAt":"2026-05-11T17:38:30.411Z","graduatedAt":null,"graduationNotifiedOwner":false,"graduationStaffNotified":false,"day7DigestSentAt":null},"categories":[],"state":[],"settings":{"enabled":true,"autoEnrollNewStaff":true,"graduationMinDays":7,"showHelpBubbleAfterGraduation":true,"storeId":null}}
2026-05-13 10:28:42 +00:00: 10:28:42 AM [express] GET /api/intelligence/demo/status 200 in 17ms :: {"status":"cooldown","resetAt":1778671343412,"msLeft":3221365}
2026-05-13 10:28:42 +00:00: 10:28:42 AM [express] GET /api/training/state 304 in 21ms :: {"enrolled":true,"profile":{"userId":"2d91b70d-b8eb-4f8d-9253-88b99321969a","enrolledAt":"2026-05-11T17:38:30.411Z","graduatedAt":null,"graduationNotifiedOwner":false,"graduationStaffNotified":false,"day7DigestSentAt":null},"categories":[],"state":[],"settings":{"enabled":true,"autoEnrollNewStaff":true,"graduationMinDays":7,"showHelpBubbleAfterGraduation":true,"storeId":null}}
2026-05-13 10:29:42 +00:00: 10:29:42 AM [express] GET /api/intelligence/demo/status 200 in 20ms :: {"status":"cooldown","resetAt":1778671343412,"msLeft":3161371}
2026-05-13 10:30:42 +00:00: 10:30:42 AM [express] GET /api/intelligence/demo/status 200 in 21ms :: {"status":"cooldown","resetAt":1778671343412,"msLeft":3101369}
2026-05-13 10:31:42 +00:00: 10:31:42 AM [express] GET /api/intelligence/demo/status 200 in 19ms :: {"status":"cooldown","resetAt":1778671343412,"msLeft":3041368}
2026-05-13 10:32:42 +00:00: 10:32:42 AM [express] GET /api/intelligence/demo/status 200 in 19ms :: {"status":"cooldown","resetAt":1778671343412,"msLeft":2981364}
2026-05-13 10:32:42 +00:00: 10:32:42 AM [express] GET /api/training/state 304 in 20ms :: {"enrolled":true,"profile":{"userId":"2d91b70d-b8eb-4f8d-9253-88b99321969a","enrolledAt":"2026-05-11T17:38:30.411Z","graduatedAt":null,"graduationNotifiedOwner":false,"graduationStaffNotified":false,"day7DigestSentAt":null},"categories":[],"state":[],"settings":{"enabled":true,"autoEnrollNewStaff":true,"graduationMinDays":7,"showHelpBubbleAfterGraduation":true,"storeId":null}}
2026-05-13 10:33:26 +00:00: [SMS] Processed 1 reminder(s)
2026-05-13 10:33:26 +00:00: [Email] Processed 1 reminder(s)
2026-05-13 10:33:42 +00:00: 10:33:42 AM [express] GET /api/training/state 304 in 18ms :: {"enrolled":true,"profile":{"userId":"2d91b70d-b8eb-4f8d-9253-88b99321969a","enrolledAt":"2026-05-11T17:38:30.411Z","graduatedAt":null,"graduationNotifiedOwner":false,"graduationStaffNotified":false,"day7DigestSentAt":null},"categories":[],"state":[],"settings":{"enabled":true,"autoEnrollNewStaff":true,"graduationMinDays":7,"showHelpBubbleAfterGraduation":true,"storeId":null}}
2026-05-13 10:33:42 +00:00: 10:33:42 AM [express] GET /api/intelligence/demo/status 200 in 19ms :: {"status":"cooldown","resetAt":1778671343412,"msLeft":2921358}
2026-05-13 10:34:42 +00:00: 10:34:42 AM [express] GET /api/intelligence/demo/status 200 in 18ms :: {"status":"cooldown","resetAt":1778671343412,"msLeft":2861125}
2026-05-13 10:35:42 +00:00: 10:35:42 AM [express] GET /api/intelligence/demo/status 200 in 19ms :: {"status":"cooldown","resetAt":1778671343412,"msLeft":2801186}
2026-05-13 10:36:42 +00:00: 10:36:42 AM [express] GET /api/intelligence/demo/status 200 in 19ms :: {"status":"cooldown","resetAt":1778671343412,"msLeft":2741232}
2026-05-13 10:37:42 +00:00: 10:37:42 AM [express] GET /api/training/state 304 in 7ms :: {"enrolled":true,"profile":{"userId":"2d91b70d-b8eb-4f8d-9253-88b99321969a","enrolledAt":"2026-05-11T17:38:30.411Z","graduatedAt":null,"graduationNotifiedOwner":false,"graduationStaffNotified":false,"day7DigestSentAt":null},"categories":[],"state":[],"settings":{"enabled":true,"autoEnrollNewStaff":true,"graduationMinDays":7,"showHelpBubbleAfterGraduation":true,"storeId":null}}
2026-05-13 10:37:42 +00:00: 10:37:42 AM [express] GET /api/intelligence/demo/status 200 in 31ms :: {"status":"cooldown","resetAt":1778671343412,"msLeft":2681340}
2026-05-13 10:38:26 +00:00: [SMS] Processed 1 reminder(s)
2026-05-13 10:38:26 +00:00: [Email] Processed 1 reminder(s)
2026-05-13 10:38:42 +00:00: 10:38:42 AM [express] GET /api/intelligence/demo/status 200 in 18ms :: {"status":"cooldown","resetAt":1778671343412,"msLeft":2621349}
2026-05-13 10:38:42 +00:00: 10:38:42 AM [express] GET /api/training/state 304 in 20ms :: {"enrolled":true,"profile":{"userId":"2d91b70d-b8eb-4f8d-9253-88b99321969a","enrolledAt":"2026-05-11T17:38:30.411Z","graduatedAt":null,"graduationNotifiedOwner":false,"graduationStaffNotified":false,"day7DigestSentAt":null},"categories":[],"state":[],"settings":{"enabled":true,"autoEnrollNewStaff":true,"graduationMinDays":7,"showHelpBubbleAfterGraduation":true,"storeId":null}}
2026-05-13 10:39:42 +00:00: 10:39:42 AM [express] GET /api/intelligence/demo/status 200 in 19ms :: {"status":"cooldown","resetAt":1778671343412,"msLeft":2561316}
2026-05-13 10:40:42 +00:00: 10:40:42 AM [express] GET /api/intelligence/demo/status 200 in 19ms :: {"status":"cooldown","resetAt":1778671343412,"msLeft":2501349}
2026-05-13 10:41:42 +00:00: 10:41:42 AM [express] GET /api/intelligence/demo/status 200 in 18ms :: {"status":"cooldown","resetAt":1778671343412,"msLeft":2441322}
2026-05-13 10:42:42 +00:00: 10:42:42 AM [express] GET /api/intelligence/demo/status 200 in 20ms :: {"status":"cooldown","resetAt":1778671343412,"msLeft":2381361}
2026-05-13 10:42:42 +00:00: 10:42:42 AM [express] GET /api/training/state 304 in 7ms :: {"enrolled":true,"profile":{"userId":"2d91b70d-b8eb-4f8d-9253-88b99321969a","enrolledAt":"2026-05-11T17:38:30.411Z","graduatedAt":null,"graduationNotifiedOwner":false,"graduationStaffNotified":false,"day7DigestSentAt":null},"categories":[],"state":[],"settings":{"enabled":true,"autoEnrollNewStaff":true,"graduationMinDays":7,"showHelpBubbleAfterGraduation":true,"storeId":null}}
2026-05-13 10:43:26 +00:00: [SMS] Processed 1 reminder(s)
2026-05-13 10:43:26 +00:00: [Email] Processed 1 reminder(s)
2026-05-13 10:43:42 +00:00: 10:43:42 AM [express] GET /api/intelligence/demo/status 200 in 18ms :: {"status":"cooldown","resetAt":1778671343412,"msLeft":2321368}
2026-05-13 10:43:42 +00:00: 10:43:42 AM [express] GET /api/training/state 304 in 7ms :: {"enrolled":true,"profile":{"userId":"2d91b70d-b8eb-4f8d-9253-88b99321969a","enrolledAt":"2026-05-11T17:38:30.411Z","graduatedAt":null,"graduationNotifiedOwner":false,"graduationStaffNotified":false,"day7DigestSentAt":null},"categories":[],"state":[],"settings":{"enabled":true,"autoEnrollNewStaff":true,"graduationMinDays":7,"showHelpBubbleAfterGraduation":true,"storeId":null}}
2026-05-13 10:44:42 +00:00: 10:44:42 AM [express] GET /api/intelligence/demo/status 200 in 19ms :: {"status":"cooldown","resetAt":1778671343412,"msLeft":2261270}
2026-05-13 10:45:42 +00:00: 10:45:42 AM [express] GET /api/intelligence/demo/status 200 in 19ms :: {"status":"cooldown","resetAt":1778671343412,"msLeft":2201230}
2026-05-13 10:46:42 +00:00: 10:46:42 AM [express] GET /api/intelligence/demo/status 200 in 19ms :: {"status":"cooldown","resetAt":1778671343412,"msLeft":2141346}
2026-05-13 10:47:42 +00:00: 10:47:42 AM [express] GET /api/intelligence/demo/status 200 in 24ms :: {"status":"cooldown","resetAt":1778671343412,"msLeft":2081335}
2026-05-13 10:47:42 +00:00: 10:47:42 AM [express] GET /api/training/state 304 in 8ms :: {"enrolled":true,"profile":{"userId":"2d91b70d-b8eb-4f8d-9253-88b99321969a","enrolledAt":"2026-05-11T17:38:30.411Z","graduatedAt":null,"graduationNotifiedOwner":false,"graduationStaffNotified":false,"day7DigestSentAt":null},"categories":[],"state":[],"settings":{"enabled":true,"autoEnrollNewStaff":true,"graduationMinDays":7,"showHelpBubbleAfterGraduation":true,"storeId":null}}
2026-05-13 10:48:26 +00:00: [SMS] Processed 1 reminder(s)
2026-05-13 10:48:26 +00:00: [Email] Processed 1 reminder(s)
2026-05-13 10:48:42 +00:00: 10:48:42 AM [express] GET /api/intelligence/demo/status 200 in 19ms :: {"status":"cooldown","resetAt":1778671343412,"msLeft":2021321}
2026-05-13 10:48:42 +00:00: 10:48:42 AM [express] GET /api/training/state 304 in 7ms :: {"enrolled":true,"profile":{"userId":"2d91b70d-b8eb-4f8d-9253-88b99321969a","enrolledAt":"2026-05-11T17:38:30.411Z","graduatedAt":null,"graduationNotifiedOwner":false,"graduationStaffNotified":false,"day7DigestSentAt":null},"categories":[],"state":[],"settings":{"enabled":true,"autoEnrollNewStaff":true,"graduationMinDays":7,"showHelpBubbleAfterGraduation":true,"storeId":null}}
2026-05-13 10:49:42 +00:00: 10:49:42 AM [express] GET /api/intelligence/demo/status 200 in 19ms :: {"status":"cooldown","resetAt":1778671343412,"msLeft":1961335}
2026-05-13 10:50:42 +00:00: 10:50:42 AM [express] GET /api/intelligence/demo/status 200 in 21ms :: {"status":"cooldown","resetAt":1778671343412,"msLeft":1901357}
2026-05-13 10:51:42 +00:00: 10:51:42 AM [express] GET /api/intelligence/demo/status 200 in 21ms :: {"status":"cooldown","resetAt":1778671343412,"msLeft":1841368}
2026-05-13 10:52:42 +00:00: 10:52:42 AM [express] GET /api/intelligence/demo/status 200 in 18ms :: {"status":"cooldown","resetAt":1778671343412,"msLeft":1781374}
2026-05-13 10:52:42 +00:00: 10:52:42 AM [express] GET /api/training/state 304 in 8ms :: {"enrolled":true,"profile":{"userId":"2d91b70d-b8eb-4f8d-9253-88b99321969a","enrolledAt":"2026-05-11T17:38:30.411Z","graduatedAt":null,"graduationNotifiedOwner":false,"graduationStaffNotified":false,"day7DigestSentAt":null},"categories":[],"state":[],"settings":{"enabled":true,"autoEnrollNewStaff":true,"graduationMinDays":7,"showHelpBubbleAfterGraduation":true,"storeId":null}}
2026-05-13 10:53:26 +00:00: [SMS] Processed 1 reminder(s)
2026-05-13 10:53:26 +00:00: [Email] Processed 1 reminder(s)
2026-05-13 10:53:42 +00:00: 10:53:42 AM [express] GET /api/training/state 304 in 20ms :: {"enrolled":true,"profile":{"userId":"2d91b70d-b8eb-4f8d-9253-88b99321969a","enrolledAt":"2026-05-11T17:38:30.411Z","graduatedAt":null,"graduationNotifiedOwner":false,"graduationStaffNotified":false,"day7DigestSentAt":null},"categories":[],"state":[],"settings":{"enabled":true,"autoEnrollNewStaff":true,"graduationMinDays":7,"showHelpBubbleAfterGraduation":true,"storeId":null}}
2026-05-13 10:53:42 +00:00: 10:53:42 AM [express] GET /api/intelligence/demo/status 200 in 5ms :: {"status":"cooldown","resetAt":1778671343412,"msLeft":1721358}
2026-05-13 10:54:42 +00:00: 10:54:42 AM [express] GET /api/intelligence/demo/status 200 in 20ms :: {"status":"cooldown","resetAt":1778671343412,"msLeft":1661309}
2026-05-13 10:55:42 +00:00: 10:55:42 AM [express] GET /api/intelligence/demo/status 200 in 18ms :: {"status":"cooldown","resetAt":1778671343412,"msLeft":1601139}
2026-05-13 10:56:42 +00:00: 10:56:42 AM [express] GET /api/intelligence/demo/status 200 in 21ms :: {"status":"cooldown","resetAt":1778671343412,"msLeft":1541334}
2026-05-13 10:57:42 +00:00: 10:57:42 AM [express] GET /api/intelligence/demo/status 200 in 19ms :: {"status":"cooldown","resetAt":1778671343412,"msLeft":1481376}
2026-05-13 10:57:42 +00:00: 10:57:42 AM [express] GET /api/training/state 304 in 6ms :: {"enrolled":true,"profile":{"userId":"2d91b70d-b8eb-4f8d-9253-88b99321969a","enrolledAt":"2026-05-11T17:38:30.411Z","graduatedAt":null,"graduationNotifiedOwner":false,"graduationStaffNotified":false,"day7DigestSentAt":null},"categories":[],"state":[],"settings":{"enabled":true,"autoEnrollNewStaff":true,"graduationMinDays":7,"showHelpBubbleAfterGraduation":true,"storeId":null}}
2026-05-13 10:58:26 +00:00: [ReviewSync] Scheduler — starting sync sweep…
2026-05-13 10:58:26 +00:00: [ReviewSync] Scheduler — 0 store(s) to sync (0 new schema, 0 legacy)
2026-05-13 10:58:26 +00:00: [ReviewSync] Scheduler — sweep complete in 2ms  success=0  failed=0
2026-05-13 10:58:26 +00:00: [intelligence] Running for 4 stores
2026-05-13 10:58:26 +00:00: [intelligence] Running intelligence engine for store 3
2026-05-13 10:58:26 +00:00: [SMS] Processed 1 reminder(s)
2026-05-13 10:58:26 +00:00: [Email] Processed 1 reminder(s)
2026-05-13 10:58:26 +00:00: [LapsedClient] Store 1: outside business hours — skipping SMS send
2026-05-13 10:58:26 +00:00: [LapsedClient] Store 2: outside business hours — skipping SMS send
2026-05-13 10:58:26 +00:00: [LapsedClient] Store 3: outside business hours — skipping SMS send
2026-05-13 10:58:26 +00:00: [LapsedClient] Store 4: outside business hours — skipping SMS send
2026-05-13 10:58:29 +00:00: [intelligence] Completed for store 3: 395 clients, 84 drifting, 43 at risk
2026-05-13 10:58:29 +00:00: [intelligence] Store 3 has no SMS credits (allowance + purchased = 0) — skipping auto sends
2026-05-13 10:58:29 +00:00: [intelligence] Running intelligence engine for store 4
2026-05-13 10:58:29 +00:00: [intelligence] Completed for store 4: 30 clients, 0 drifting, 2 at risk
2026-05-13 10:58:29 +00:00: [intelligence] Store 4 has no SMS credits (allowance + purchased = 0) — skipping auto sends
2026-05-13 10:58:29 +00:00: [intelligence] Running intelligence engine for store 2
2026-05-13 10:58:29 +00:00: [intelligence] No customers found for store 2, skipping
2026-05-13 10:58:29 +00:00: [intelligence] Store 2 has no SMS credits (allowance + purchased = 0) — skipping auto sends
2026-05-13 10:58:29 +00:00: [intelligence] Running intelligence engine for store 1
2026-05-13 10:58:29 +00:00: [intelligence] No customers found for store 1, skipping
2026-05-13 10:58:29 +00:00: [intelligence] Store 1 has no SMS credits (allowance + purchased = 0) — skipping auto sends
2026-05-13 10:58:42 +00:00: 10:58:42 AM [express] GET /api/training/state 304 in 8ms :: {"enrolled":true,"profile":{"userId":"2d91b70d-b8eb-4f8d-9253-88b99321969a","enrolledAt":"2026-05-11T17:38:30.411Z","graduatedAt":null,"graduationNotifiedOwner":false,"graduationStaffNotified":false,"day7DigestSentAt":null},"categories":[],"state":[],"settings":{"enabled":true,"autoEnrollNewStaff":true,"graduationMinDays":7,"showHelpBubbleAfterGraduation":true,"storeId":null}}
2026-05-13 10:58:42 +00:00: 10:58:42 AM [express] GET /api/intelligence/demo/status 200 in 5ms :: {"status":"cooldown","resetAt":1778671343412,"msLeft":1421373}
2026-05-13 10:59:42 +00:00: 10:59:42 AM [express] GET /api/intelligence/demo/status 200 in 21ms :: {"status":"cooldown","resetAt":1778671343412,"msLeft":1361337}
2026-05-13 11:00:42 +00:00: 11:00:42 AM [express] GET /api/intelligence/demo/status 200 in 17ms :: {"status":"cooldown","resetAt":1778671343412,"msLeft":1301320}
2026-05-13 11:01:42 +00:00: 11:01:42 AM [express] GET /api/intelligence/demo/status 200 in 19ms :: {"status":"cooldown","resetAt":1778671343412,"msLeft":1241279}
2026-05-13 11:02:42 +00:00: 11:02:42 AM [express] GET /api/intelligence/demo/status 200 in 19ms :: {"status":"cooldown","resetAt":1778671343412,"msLeft":1181358}
2026-05-13 11:02:42 +00:00: 11:02:42 AM [express] GET /api/training/state 304 in 6ms :: {"enrolled":true,"profile":{"userId":"2d91b70d-b8eb-4f8d-9253-88b99321969a","enrolledAt":"2026-05-11T17:38:30.411Z","graduatedAt":null,"graduationNotifiedOwner":false,"graduationStaffNotified":false,"day7DigestSentAt":null},"categories":[],"state":[],"settings":{"enabled":true,"autoEnrollNewStaff":true,"graduationMinDays":7,"showHelpBubbleAfterGraduation":true,"storeId":null}}
2026-05-13 11:03:26 +00:00: [SMS] Processed 2 reminder(s)
2026-05-13 11:03:26 +00:00: [Email] Processed 2 reminder(s)
2026-05-13 11:03:42 +00:00: 11:03:42 AM [express] GET /api/training/state 304 in 20ms :: {"enrolled":true,"profile":{"userId":"2d91b70d-b8eb-4f8d-9253-88b99321969a","enrolledAt":"2026-05-11T17:38:30.411Z","graduatedAt":null,"graduationNotifiedOwner":false,"graduationStaffNotified":false,"day7DigestSentAt":null},"categories":[],"state":[],"settings":{"enabled":true,"autoEnrollNewStaff":true,"graduationMinDays":7,"showHelpBubbleAfterGraduation":true,"storeId":null}}
2026-05-13 11:03:42 +00:00: 11:03:42 AM [express] GET /api/intelligence/demo/status 200 in 8ms :: {"status":"cooldown","resetAt":1778671343412,"msLeft":1121337}
2026-05-13 11:04:42 +00:00: 11:04:42 AM [express] GET /api/intelligence/demo/status 200 in 21ms :: {"status":"cooldown","resetAt":1778671343412,"msLeft":1061337}
2026-05-13 11:05:42 +00:00: 11:05:42 AM [express] GET /api/intelligence/demo/status 200 in 21ms :: {"status":"cooldown","resetAt":1778671343412,"msLeft":1001387}
2026-05-13 11:06:42 +00:00: 11:06:42 AM [express] GET /api/intelligence/demo/status 200 in 20ms :: {"status":"cooldown","resetAt":1778671343412,"msLeft":941373}
2026-05-13 11:07:42 +00:00: 11:07:42 AM [express] GET /api/intelligence/demo/status 200 in 18ms :: {"status":"cooldown","resetAt":1778671343412,"msLeft":881355}
2026-05-13 11:07:42 +00:00: 11:07:42 AM [express] GET /api/training/state 304 in 7ms :: {"enrolled":true,"profile":{"userId":"2d91b70d-b8eb-4f8d-9253-88b99321969a","enrolledAt":"2026-05-11T17:38:30.411Z","graduatedAt":null,"graduationNotifiedOwner":false,"graduationStaffNotified":false,"day7DigestSentAt":null},"categories":[],"state":[],"settings":{"enabled":true,"autoEnrollNewStaff":true,"graduationMinDays":7,"showHelpBubbleAfterGraduation":true,"storeId":null}}
2026-05-13 11:08:26 +00:00: [SMS] Processed 2 reminder(s)
2026-05-13 11:08:26 +00:00: [Email] Processed 2 reminder(s)
2026-05-13 11:08:42 +00:00: 11:08:42 AM [express] GET /api/intelligence/demo/status 200 in 18ms :: {"status":"cooldown","resetAt":1778671343412,"msLeft":821389}
2026-05-13 11:08:42 +00:00: 11:08:42 AM [express] GET /api/training/state 304 in 8ms :: {"enrolled":true,"profile":{"userId":"2d91b70d-b8eb-4f8d-9253-88b99321969a","enrolledAt":"2026-05-11T17:38:30.411Z","graduatedAt":null,"graduationNotifiedOwner":false,"graduationStaffNotified":false,"day7DigestSentAt":null},"categories":[],"state":[],"settings":{"enabled":true,"autoEnrollNewStaff":true,"graduationMinDays":7,"showHelpBubbleAfterGraduation":true,"storeId":null}}
2026-05-13 11:09:42 +00:00: 11:09:42 AM [express] GET /api/intelligence/demo/status 200 in 18ms :: {"status":"cooldown","resetAt":1778671343412,"msLeft":761360}
2026-05-13 11:10:42 +00:00: 11:10:42 AM [express] GET /api/intelligence/demo/status 200 in 18ms :: {"status":"cooldown","resetAt":1778671343412,"msLeft":701333}
2026-05-13 11:11:42 +00:00: 11:11:42 AM [express] GET /api/intelligence/demo/status 200 in 19ms :: {"status":"cooldown","resetAt":1778671343412,"msLeft":641343}
2026-05-13 11:12:42 +00:00: 11:12:42 AM [express] GET /api/intelligence/demo/status 200 in 19ms :: {"status":"cooldown","resetAt":1778671343412,"msLeft":581374}
2026-05-13 11:12:42 +00:00: 11:12:42 AM [express] GET /api/training/state 304 in 6ms :: {"enrolled":true,"profile":{"userId":"2d91b70d-b8eb-4f8d-9253-88b99321969a","enrolledAt":"2026-05-11T17:38:30.411Z","graduatedAt":null,"graduationNotifiedOwner":false,"graduationStaffNotified":false,"day7DigestSentAt":null},"categories":[],"state":[],"settings":{"enabled":true,"autoEnrollNewStaff":true,"graduationMinDays":7,"showHelpBubbleAfterGraduation":true,"storeId":null}}
2026-05-13 11:13:26 +00:00: [SMS] Processed 2 reminder(s)
2026-05-13 11:13:26 +00:00: [Email] Processed 2 reminder(s)
2026-05-13 11:13:42 +00:00: 11:13:42 AM [express] GET /api/intelligence/demo/status 200 in 21ms :: {"status":"cooldown","resetAt":1778671343412,"msLeft":521023}
2026-05-13 11:13:42 +00:00: 11:13:42 AM [express] GET /api/training/state 304 in 23ms :: {"enrolled":true,"profile":{"userId":"2d91b70d-b8eb-4f8d-9253-88b99321969a","enrolledAt":"2026-05-11T17:38:30.411Z","graduatedAt":null,"graduationNotifiedOwner":false,"graduationStaffNotified":false,"day7DigestSentAt":null},"categories":[],"state":[],"settings":{"enabled":true,"autoEnrollNewStaff":true,"graduationMinDays":7,"showHelpBubbleAfterGraduation":true,"storeId":null}}
2026-05-13 11:14:42 +00:00: 11:14:42 AM [express] GET /api/intelligence/demo/status 200 in 20ms :: {"status":"cooldown","resetAt":1778671343412,"msLeft":461344}
2026-05-13 11:15:42 +00:00: 11:15:42 AM [express] GET /api/intelligence/demo/status 200 in 24ms :: {"status":"cooldown","resetAt":1778671343412,"msLeft":401360}
2026-05-13 11:15:59 +00:00: [DemoReset] Spawning reseed for store 3 (nail-demo@certxa.com) …
2026-05-13 11:15:59 +00:00: [DemoReseed] 
2026-05-13 11:15:59 +00:00: ╔══════════════════════════════════════════════════════════╗
2026-05-13 11:15:59 +00:00: [DemoReseed] ║       Luxe Nails & Spa — Reseed (Reset + Seed)          ║
2026-05-13 11:15:59 +00:00: [DemoReseed] ╚══════════════════════════════════════════════════════════╝
2026-05-13 11:15:59 +00:00: [DemoReseed] 
2026-05-13 11:15:59 +00:00: ────────────────────────────────────────────────────────────
2026-05-13 11:15:59 +00:00: [DemoReseed] ▶  Step 1/2 — Reset demo account
2026-05-13 11:15:59 +00:00: ────────────────────────────────────────────────────────────
2026-05-13 11:16:00 +00:00: [DemoReseed] 
2026-05-13 11:16:00 +00:00: ╔══════════════════════════════════════════════════════════╗
2026-05-13 11:16:00 +00:00: [DemoReseed] ║       Luxe Nails & Spa — Demo Reset                     ║
2026-05-13 11:16:00 +00:00: ╚══════════════════════════════════════════════════════════╝
2026-05-13 11:16:00 +00:00: 
2026-05-13 11:16:00 +00:00: [DemoReseed] Found store: "Luxe Nails & Spa" (id=3)
2026-05-13 11:16:01 +00:00: [DemoReseed]   ✓ Deleted appointments
2026-05-13 11:16:01 +00:00: [DemoReseed]   ✓ Deleted customers
2026-05-13 11:16:01 +00:00: [DemoReseed]   ✓ Deleted staff
2026-05-13 11:16:01 +00:00: [DemoReseed]   ✓ Deleted services, addons & categories
2026-05-13 11:16:01 +00:00: [DemoReseed]   ✓ Deleted Google Business data
2026-05-13 11:16:01 +00:00: [DemoReseed] 
2026-05-13 11:16:01 +00:00: ────────────────────────────────────────────────────────────
2026-05-13 11:16:01 +00:00: ▶  Step 2/2 — Seed fresh demo data
2026-05-13 11:16:01 +00:00: [DemoReseed] ────────────────────────────────────────────────────────────
2026-05-13 11:16:02 +00:00: [DemoReseed] 
2026-05-13 11:16:02 +00:00: ╔══════════════════════════════════════════════════════════╗
2026-05-13 11:16:02 +00:00: ║       Luxe Nails & Spa — Intelligence Demo Seed         ║
2026-05-13 11:16:02 +00:00: [DemoReseed] ╚══════════════════════════════════════════════════════════╝
2026-05-13 11:16:02 +00:00: 
2026-05-13 11:16:02 +00:00: [DemoReseed] ⚠️  Demo account already exists — skipping.
2026-05-13 11:16:02 +00:00:    Email: nail-demo@certxa.com  /  Password: demo1234
2026-05-13 11:16:02 +00:00: 
2026-05-13 11:16:02 +00:00: [DemoReseed] 
2026-05-13 11:16:02 +00:00: ✅  Reseed complete — Luxe Nails & Spa is ready.
2026-05-13 11:16:02 +00:00:    Login: nail-demo@certxa.com  /  demo1234
2026-05-13 11:16:02 +00:00: 
2026-05-13 11:16:02 +00:00: [DemoReset] Reseed done for store 3 — running engines silently…
2026-05-13 11:16:02 +00:00: [intelligence] Running intelligence engine for store 3
2026-05-13 11:16:02 +00:00: [intelligence] No customers found for store 3, skipping
2026-05-13 11:16:02 +00:00: [DemoReset] Silent engines done for store 3 — starting new 90-min cooldown
2026-05-13 11:16:02 +00:00: [DemoReset] Clients table synced: 0 migrated, 0 already present
2026-05-13 11:16:02 +00:00: [DemoReset] Next reseed scheduled for store 3 in 90 min
2026-05-13 11:16:42 +00:00: 11:16:42 AM [express] GET /api/intelligence/demo/status 200 in 20ms :: {"status":"cooldown","resetAt":1778676362332,"msLeft":5360268}
2026-05-13 11:17:42 +00:00: 11:17:42 AM [express] GET /api/intelligence/demo/status 200 in 25ms :: {"status":"cooldown","resetAt":1778676362332,"msLeft":5300294}
2026-05-13 11:17:42 +00:00: 11:17:42 AM [express] GET /api/training/state 304 in 27ms :: {"enrolled":true,"profile":{"userId":"2d91b70d-b8eb-4f8d-9253-88b99321969a","enrolledAt":"2026-05-11T17:38:30.411Z","graduatedAt":null,"graduationNotifiedOwner":false,"graduationStaffNotified":false,"day7DigestSentAt":null},"categories":[],"state":[],"settings":{"enabled":true,"autoEnrollNewStaff":true,"graduationMinDays":7,"showHelpBubbleAfterGraduation":true,"storeId":null}}
2026-05-13 11:18:21 +00:00: [DemoReset] Spawning reseed for store 3 (nail-demo@certxa.com) …
2026-05-13 11:18:21 +00:00: [DemoReseed] 
2026-05-13 11:18:21 +00:00: ╔══════════════════════════════════════════════════════════╗
2026-05-13 11:18:21 +00:00: [DemoReseed] ║       Luxe Nails & Spa — Reseed (Reset + Seed)          ║
2026-05-13 11:18:21 +00:00: [DemoReseed] ╚══════════════════════════════════════════════════════════╝
2026-05-13 11:18:21 +00:00: 
2026-05-13 11:18:21 +00:00: ────────────────────────────────────────────────────────────
2026-05-13 11:18:21 +00:00: ▶  Step 1/2 — Reset demo account
2026-05-13 11:18:21 +00:00: [DemoReseed] ────────────────────────────────────────────────────────────
2026-05-13 11:18:22 +00:00: [DemoReseed] 
2026-05-13 11:18:22 +00:00: ╔══════════════════════════════════════════════════════════╗
2026-05-13 11:18:22 +00:00: [DemoReseed] ║       Luxe Nails & Spa — Demo Reset                     ║
2026-05-13 11:18:22 +00:00: ╚══════════════════════════════════════════════════════════╝
2026-05-13 11:18:22 +00:00: 
2026-05-13 11:18:22 +00:00: [DemoReseed] Found store: "Luxe Nails & Spa" (id=3)
2026-05-13 11:18:22 +00:00: [DemoReseed]   ✓ Deleted appointments
2026-05-13 11:18:22 +00:00: [DemoReseed]   ✓ Deleted customers
2026-05-13 11:18:22 +00:00: [DemoReseed]   ✓ Deleted staff
2026-05-13 11:18:22 +00:00: [DemoReseed]   ✓ Deleted services, addons & categories
2026-05-13 11:18:22 +00:00: [DemoReseed]   ✓ Deleted Google Business data
2026-05-13 11:18:22 +00:00: [DemoReseed] 
2026-05-13 11:18:22 +00:00: ────────────────────────────────────────────────────────────
2026-05-13 11:18:22 +00:00: [DemoReseed] ▶  Step 2/2 — Seed fresh demo data
2026-05-13 11:18:22 +00:00: ────────────────────────────────────────────────────────────
2026-05-13 11:18:23 +00:00: [DemoReseed] 
2026-05-13 11:18:23 +00:00: ╔══════════════════════════════════════════════════════════╗
2026-05-13 11:18:23 +00:00: [DemoReseed] ║       Luxe Nails & Spa — Intelligence Demo Seed         ║
2026-05-13 11:18:23 +00:00: ╚══════════════════════════════════════════════════════════╝
2026-05-13 11:18:23 +00:00: 
2026-05-13 11:18:23 +00:00: [DemoReseed] ⚠️  Demo account already exists — skipping.
2026-05-13 11:18:23 +00:00:    Email: nail-demo@certxa.com  /  Password: demo1234
2026-05-13 11:18:23 +00:00: 
2026-05-13 11:18:23 +00:00: [DemoReseed] 
2026-05-13 11:18:23 +00:00: ✅  Reseed complete — Luxe Nails & Spa is ready.
2026-05-13 11:18:23 +00:00: [DemoReseed]    Login: nail-demo@certxa.com  /  demo1234
2026-05-13 11:18:23 +00:00: 
2026-05-13 11:18:23 +00:00: [DemoReset] Reseed done for store 3 — running engines silently…
2026-05-13 11:18:23 +00:00: [intelligence] Running intelligence engine for store 3
2026-05-13 11:18:23 +00:00: [intelligence] No customers found for store 3, skipping
2026-05-13 11:18:23 +00:00: [DemoReset] Silent engines done for store 3 — starting new 90-min cooldown
2026-05-13 11:18:23 +00:00: [DemoReset] Clients table synced: 0 migrated, 0 already present
2026-05-13 11:18:23 +00:00: [DemoReset] Next reseed scheduled for store 3 in 90 min
2026-05-13 11:18:42 +00:00: 11:18:42 AM [express] GET /api/training/state 304 in 26ms :: {"enrolled":true,"profile":{"userId":"2d91b70d-b8eb-4f8d-9253-88b99321969a","enrolledAt":"2026-05-11T17:38:30.411Z","graduatedAt":null,"graduationNotifiedOwner":false,"graduationStaffNotified":false,"day7DigestSentAt":null},"categories":[],"state":[],"settings":{"enabled":true,"autoEnrollNewStaff":true,"graduationMinDays":7,"showHelpBubbleAfterGraduation":true,"storeId":null}}
2026-05-13 11:18:42 +00:00: 11:18:42 AM [express] GET /api/intelligence/demo/status 200 in 24ms :: {"status":"cooldown","resetAt":1778676503442,"msLeft":5381356}
2026-05-13 11:19:42 +00:00: 11:19:42 AM [express] GET /api/intelligence/demo/status 200 in 20ms :: {"status":"cooldown","resetAt":1778676503442,"msLeft":5321382}
2026-05-13 11:20:42 +00:00: 11:20:42 AM [express] GET /api/intelligence/demo/status 200 in 19ms :: {"status":"cooldown","resetAt":1778676503442,"msLeft":5261401}
2026-05-13 11:21:42 +00:00: 11:21:42 AM [express] GET /api/intelligence/demo/status 200 in 19ms :: {"status":"cooldown","resetAt":1778676503442,"msLeft":5201409}
2026-05-13 11:22:23 +00:00: [DemoReset] Spawning reseed for store 3 (nail-demo@certxa.com) …
2026-05-13 11:22:23 +00:00: [DemoReseed] 
2026-05-13 11:22:23 +00:00: ╔══════════════════════════════════════════════════════════╗
2026-05-13 11:22:23 +00:00: [DemoReseed] ║       Luxe Nails & Spa — Reseed (Reset + Seed)          ║
2026-05-13 11:22:23 +00:00: ╚══════════════════════════════════════════════════════════╝
2026-05-13 11:22:23 +00:00: [DemoReseed] 
2026-05-13 11:22:23 +00:00: ────────────────────────────────────────────────────────────
2026-05-13 11:22:23 +00:00: ▶  Step 1/2 — Reset demo account
2026-05-13 11:22:23 +00:00: [DemoReseed] ────────────────────────────────────────────────────────────
2026-05-13 11:22:24 +00:00: [DemoReseed] 
2026-05-13 11:22:24 +00:00: ╔══════════════════════════════════════════════════════════╗
2026-05-13 11:22:24 +00:00: [DemoReseed] ║       Luxe Nails & Spa — Demo Reset                     ║
2026-05-13 11:22:24 +00:00: ╚══════════════════════════════════════════════════════════╝
2026-05-13 11:22:24 +00:00: 
2026-05-13 11:22:24 +00:00: [DemoReseed] Found store: "Luxe Nails & Spa" (id=3)
2026-05-13 11:22:24 +00:00: [DemoReseed]   ✓ Deleted appointments
2026-05-13 11:22:24 +00:00: [DemoReseed]   ✓ Deleted customers
2026-05-13 11:22:24 +00:00: [DemoReseed]   ✓ Deleted staff
2026-05-13 11:22:24 +00:00: [DemoReseed]   ✓ Deleted services, addons & categories
2026-05-13 11:22:24 +00:00: [DemoReseed]   ✓ Deleted Google Business data
2026-05-13 11:22:24 +00:00: [DemoReseed] 
2026-05-13 11:22:24 +00:00: ────────────────────────────────────────────────────────────
2026-05-13 11:22:24 +00:00: [DemoReseed] ▶  Step 2/2 — Seed fresh demo data
2026-05-13 11:22:24 +00:00: ────────────────────────────────────────────────────────────
2026-05-13 11:22:25 +00:00: [DemoReseed] 
2026-05-13 11:22:25 +00:00: ╔══════════════════════════════════════════════════════════╗
2026-05-13 11:22:25 +00:00: ║       Luxe Nails & Spa — Intelligence Demo Seed         ║
2026-05-13 11:22:25 +00:00: [DemoReseed] ╚══════════════════════════════════════════════════════════╝
2026-05-13 11:22:25 +00:00: 
2026-05-13 11:22:25 +00:00: [DemoReseed] ⚠️  Demo account already exists — skipping.
2026-05-13 11:22:25 +00:00:    Email: nail-demo@certxa.com  /  Password: demo1234
2026-05-13 11:22:25 +00:00: 
2026-05-13 11:22:25 +00:00: [DemoReseed] 
2026-05-13 11:22:25 +00:00: ✅  Reseed complete — Luxe Nails & Spa is ready.
2026-05-13 11:22:25 +00:00:    Login: nail-demo@certxa.com  /  demo1234
2026-05-13 11:22:25 +00:00: 
2026-05-13 11:22:25 +00:00: [DemoReset] Reseed done for store 3 — running engines silently…
2026-05-13 11:22:25 +00:00: [intelligence] Running intelligence engine for store 3
2026-05-13 11:22:25 +00:00: [intelligence] No customers found for store 3, skipping
2026-05-13 11:22:25 +00:00: [DemoReset] Silent engines done for store 3 — starting new 90-min cooldown
2026-05-13 11:22:25 +00:00: [DemoReset] Clients table synced: 0 migrated, 0 already present
2026-05-13 11:22:25 +00:00: [DemoReset] Next reseed scheduled for store 3 in 90 min
2026-05-13 11:22:42 +00:00: 11:22:42 AM [express] GET /api/intelligence/demo/status 200 in 20ms :: {"status":"cooldown","resetAt":1778676745575,"msLeft":5383540}
2026-05-13 11:22:42 +00:00: 11:22:42 AM [express] GET /api/training/state 304 in 7ms :: {"enrolled":true,"profile":{"userId":"2d91b70d-b8eb-4f8d-9253-88b99321969a","enrolledAt":"2026-05-11T17:38:30.411Z","graduatedAt":null,"graduationNotifiedOwner":false,"graduationStaffNotified":false,"day7DigestSentAt":null},"categories":[],"state":[],"settings":{"enabled":true,"autoEnrollNewStaff":true,"graduationMinDays":7,"showHelpBubbleAfterGraduation":true,"storeId":null}}
2026-05-13 11:23:42 +00:00: 11:23:42 AM [express] GET /api/intelligence/demo/status 200 in 21ms :: {"status":"cooldown","resetAt":1778676745575,"msLeft":5323529}
2026-05-13 11:23:42 +00:00: 11:23:42 AM [express] GET /api/training/state 304 in 24ms :: {"enrolled":true,"profile":{"userId":"2d91b70d-b8eb-4f8d-9253-88b99321969a","enrolledAt":"2026-05-11T17:38:30.411Z","graduatedAt":null,"graduationNotifiedOwner":false,"graduationStaffNotified":false,"day7DigestSentAt":null},"categories":[],"state":[],"settings":{"enabled":true,"autoEnrollNewStaff":true,"graduationMinDays":7,"showHelpBubbleAfterGraduation":true,"storeId":null}}
2026-05-13 11:24:42 +00:00: 11:24:42 AM [express] GET /api/intelligence/demo/status 200 in 19ms :: {"status":"cooldown","resetAt":1778676745575,"msLeft":5263535}
2026-05-13 11:25:42 +00:00: 11:25:42 AM [express] GET /api/intelligence/demo/status 200 in 20ms :: {"status":"cooldown","resetAt":1778676745575,"msLeft":5203389}
2026-05-13 11:26:42 +00:00: 11:26:42 AM [express] GET /api/intelligence/demo/status 200 in 19ms :: {"status":"cooldown","resetAt":1778676745575,"msLeft":5143505}
2026-05-13 11:27:42 +00:00: 11:27:42 AM [express] GET /api/intelligence/demo/status 200 in 24ms :: {"status":"cooldown","resetAt":1778676745575,"msLeft":5083522}
2026-05-13 11:27:42 +00:00: 11:27:42 AM [express] GET /api/training/state 304 in 10ms :: {"enrolled":true,"profile":{"userId":"2d91b70d-b8eb-4f8d-9253-88b99321969a","enrolledAt":"2026-05-11T17:38:30.411Z","graduatedAt":null,"graduationNotifiedOwner":false,"graduationStaffNotified":false,"day7DigestSentAt":null},"categories":[],"state":[],"settings":{"enabled":true,"autoEnrollNewStaff":true,"graduationMinDays":7,"showHelpBubbleAfterGraduation":true,"storeId":null}}
2026-05-13 11:28:42 +00:00: 11:28:42 AM [express] GET /api/training/state 304 in 22ms :: {"enrolled":true,"profile":{"userId":"2d91b70d-b8eb-4f8d-9253-88b99321969a","enrolledAt":"2026-05-11T17:38:30.411Z","graduatedAt":null,"graduationNotifiedOwner":false,"graduationStaffNotified":false,"day7DigestSentAt":null},"categories":[],"state":[],"settings":{"enabled":true,"autoEnrollNewStaff":true,"graduationMinDays":7,"showHelpBubbleAfterGraduation":true,"storeId":null}}
2026-05-13 11:28:42 +00:00: 11:28:42 AM [express] GET /api/intelligence/demo/status 200 in 22ms :: {"status":"cooldown","resetAt":1778676745575,"msLeft":5023515}
2026-05-13 11:29:42 +00:00: 11:29:42 AM [express] GET /api/intelligence/demo/status 200 in 19ms :: {"status":"cooldown","resetAt":1778676745575,"msLeft":4963528}
2026-05-13 11:30:42 +00:00: 11:30:42 AM [express] GET /api/intelligence/demo/status 200 in 22ms :: {"status":"cooldown","resetAt":1778676745575,"msLeft":4903492}
2026-05-13 11:31:42 +00:00: 11:31:42 AM [express] GET /api/intelligence/demo/status 200 in 18ms :: {"status":"cooldown","resetAt":1778676745575,"msLeft":4843533}
2026-05-13 11:32:42 +00:00: 11:32:42 AM [express] GET /api/intelligence/demo/status 200 in 18ms :: {"status":"cooldown","resetAt":1778676745575,"msLeft":4783549}
2026-05-13 11:32:42 +00:00: 11:32:42 AM [express] GET /api/training/state 304 in 11ms :: {"enrolled":true,"profile":{"userId":"2d91b70d-b8eb-4f8d-9253-88b99321969a","enrolledAt":"2026-05-11T17:38:30.411Z","graduatedAt":null,"graduationNotifiedOwner":false,"graduationStaffNotified":false,"day7DigestSentAt":null},"categories":[],"state":[],"settings":{"enabled":true,"autoEnrollNewStaff":true,"graduationMinDays":7,"showHelpBubbleAfterGraduation":true,"storeId":null}}
2026-05-13 11:33:42 +00:00: 11:33:42 AM [express] GET /api/intelligence/demo/status 200 in 19ms :: {"status":"cooldown","resetAt":1778676745575,"msLeft":4723548}
2026-05-13 11:33:42 +00:00: 11:33:42 AM [express] GET /api/training/state 304 in 9ms :: {"enrolled":true,"profile":{"userId":"2d91b70d-b8eb-4f8d-9253-88b99321969a","enrolledAt":"2026-05-11T17:38:30.411Z","graduatedAt":null,"graduationNotifiedOwner":false,"graduationStaffNotified":false,"day7DigestSentAt":null},"categories":[],"state":[],"settings":{"enabled":true,"autoEnrollNewStaff":true,"graduationMinDays":7,"showHelpBubbleAfterGraduation":true,"storeId":null}}
2026-05-13 11:34:42 +00:00: 11:34:42 AM [express] GET /api/intelligence/demo/status 200 in 19ms :: {"status":"cooldown","resetAt":1778676745575,"msLeft":4663531}
2026-05-13 11:35:42 +00:00: 11:35:42 AM [express] GET /api/intelligence/demo/status 200 in 20ms :: {"status":"cooldown","resetAt":1778676745575,"msLeft":4603545}
2026-05-13 11:36:42 +00:00: 11:36:42 AM [express] GET /api/intelligence/demo/status 200 in 19ms :: {"status":"cooldown","resetAt":1778676745575,"msLeft":4543409}
2026-05-13 11:37:42 +00:00: 11:37:42 AM [express] GET /api/intelligence/demo/status 200 in 23ms :: {"status":"cooldown","resetAt":1778676745575,"msLeft":4483540}
2026-05-13 11:37:42 +00:00: 11:37:42 AM [express] GET /api/training/state 304 in 7ms :: {"enrolled":true,"profile":{"userId":"2d91b70d-b8eb-4f8d-9253-88b99321969a","enrolledAt":"2026-05-11T17:38:30.411Z","graduatedAt":null,"graduationNotifiedOwner":false,"graduationStaffNotified":false,"day7DigestSentAt":null},"categories":[],"state":[],"settings":{"enabled":true,"autoEnrollNewStaff":true,"graduationMinDays":7,"showHelpBubbleAfterGraduation":true,"storeId":null}}
2026-05-13 11:38:42 +00:00: 11:38:42 AM [express] GET /api/training/state 304 in 21ms :: {"enrolled":true,"profile":{"userId":"2d91b70d-b8eb-4f8d-9253-88b99321969a","enrolledAt":"2026-05-11T17:38:30.411Z","graduatedAt":null,"graduationNotifiedOwner":false,"graduationStaffNotified":false,"day7DigestSentAt":null},"categories":[],"state":[],"settings":{"enabled":true,"autoEnrollNewStaff":true,"graduationMinDays":7,"showHelpBubbleAfterGraduation":true,"storeId":null}}
2026-05-13 11:38:42 +00:00: 11:38:42 AM [express] GET /api/intelligence/demo/status 200 in 6ms :: {"status":"cooldown","resetAt":1778676745575,"msLeft":4423534}
2026-05-13 11:39:42 +00:00: 11:39:42 AM [express] GET /api/intelligence/demo/status 200 in 20ms :: {"status":"cooldown","resetAt":1778676745575,"msLeft":4363559}
2026-05-13 11:40:42 +00:00: 11:40:42 AM [express] GET /api/intelligence/demo/status 200 in 19ms :: {"status":"cooldown","resetAt":1778676745575,"msLeft":4303521}
2026-05-13 11:41:42 +00:00: 11:41:42 AM [express] GET /api/intelligence/demo/status 200 in 20ms :: {"status":"cooldown","resetAt":1778676745575,"msLeft":4243355}
2026-05-13 11:42:42 +00:00: 11:42:42 AM [express] GET /api/intelligence/demo/status 200 in 21ms :: {"status":"cooldown","resetAt":1778676745575,"msLeft":4183551}
2026-05-13 11:42:42 +00:00: 11:42:42 AM [express] GET /api/training/state 304 in 7ms :: {"enrolled":true,"profile":{"userId":"2d91b70d-b8eb-4f8d-9253-88b99321969a","enrolledAt":"2026-05-11T17:38:30.411Z","graduatedAt":null,"graduationNotifiedOwner":false,"graduationStaffNotified":false,"day7DigestSentAt":null},"categories":[],"state":[],"settings":{"enabled":true,"autoEnrollNewStaff":true,"graduationMinDays":7,"showHelpBubbleAfterGraduation":true,"storeId":null}}
2026-05-13 11:43:42 +00:00: 11:43:42 AM [express] GET /api/intelligence/demo/status 200 in 22ms :: {"status":"cooldown","resetAt":1778676745575,"msLeft":4123407}
2026-05-13 11:43:42 +00:00: 11:43:42 AM [express] GET /api/training/state 304 in 24ms :: {"enrolled":true,"profile":{"userId":"2d91b70d-b8eb-4f8d-9253-88b99321969a","enrolledAt":"2026-05-11T17:38:30.411Z","graduatedAt":null,"graduationNotifiedOwner":false,"graduationStaffNotified":false,"day7DigestSentAt":null},"categories":[],"state":[],"settings":{"enabled":true,"autoEnrollNewStaff":true,"graduationMinDays":7,"showHelpBubbleAfterGraduation":true,"storeId":null}}
2026-05-13 11:44:42 +00:00: 11:44:42 AM [express] GET /api/intelligence/demo/status 200 in 21ms :: {"status":"cooldown","resetAt":1778676745575,"msLeft":4063490}
2026-05-13 11:45:42 +00:00: 11:45:42 AM [express] GET /api/intelligence/demo/status 200 in 18ms :: {"status":"cooldown","resetAt":1778676745575,"msLeft":4003531}
2026-05-13 11:46:42 +00:00: 11:46:42 AM [express] GET /api/intelligence/demo/status 200 in 19ms :: {"status":"cooldown","resetAt":1778676745575,"msLeft":3943539}
2026-05-13 11:47:42 +00:00: 11:47:42 AM [express] GET /api/intelligence/demo/status 200 in 20ms :: {"status":"cooldown","resetAt":1778676745575,"msLeft":3883525}
2026-05-13 11:47:42 +00:00: 11:47:42 AM [express] GET /api/training/state 304 in 7ms :: {"enrolled":true,"profile":{"userId":"2d91b70d-b8eb-4f8d-9253-88b99321969a","enrolledAt":"2026-05-11T17:38:30.411Z","graduatedAt":null,"graduationNotifiedOwner":false,"graduationStaffNotified":false,"day7DigestSentAt":null},"categories":[],"state":[],"settings":{"enabled":true,"autoEnrollNewStaff":true,"graduationMinDays":7,"showHelpBubbleAfterGraduation":true,"storeId":null}}
2026-05-13 11:48:42 +00:00: 11:48:42 AM [express] GET /api/training/state 304 in 21ms :: {"enrolled":true,"profile":{"userId":"2d91b70d-b8eb-4f8d-9253-88b99321969a","enrolledAt":"2026-05-11T17:38:30.411Z","graduatedAt":null,"graduationNotifiedOwner":false,"graduationStaffNotified":false,"day7DigestSentAt":null},"categories":[],"state":[],"settings":{"enabled":true,"autoEnrollNewStaff":true,"graduationMinDays":7,"showHelpBubbleAfterGraduation":true,"storeId":null}}
2026-05-13 11:48:42 +00:00: 11:48:42 AM [express] GET /api/intelligence/demo/status 200 in 7ms :: {"status":"cooldown","resetAt":1778676745575,"msLeft":3823524}
2026-05-13 11:49:42 +00:00: 11:49:42 AM [express] GET /api/intelligence/demo/status 200 in 19ms :: {"status":"cooldown","resetAt":1778676745575,"msLeft":3763542}
2026-05-13 11:50:42 +00:00: 11:50:42 AM [express] GET /api/intelligence/demo/status 200 in 20ms :: {"status":"cooldown","resetAt":1778676745575,"msLeft":3703307}
2026-05-13 11:51:42 +00:00: 11:51:42 AM [express] GET /api/intelligence/demo/status 200 in 18ms :: {"status":"cooldown","resetAt":1778676745575,"msLeft":3643530}
2026-05-13 11:52:42 +00:00: 11:52:42 AM [express] GET /api/intelligence/demo/status 200 in 21ms :: {"status":"cooldown","resetAt":1778676745575,"msLeft":3583555}
2026-05-13 11:52:42 +00:00: 11:52:42 AM [express] GET /api/training/state 304 in 8ms :: {"enrolled":true,"profile":{"userId":"2d91b70d-b8eb-4f8d-9253-88b99321969a","enrolledAt":"2026-05-11T17:38:30.411Z","graduatedAt":null,"graduationNotifiedOwner":false,"graduationStaffNotified":false,"day7DigestSentAt":null},"categories":[],"state":[],"settings":{"enabled":true,"autoEnrollNewStaff":true,"graduationMinDays":7,"showHelpBubbleAfterGraduation":true,"storeId":null}}
2026-05-13 11:53:42 +00:00: 11:53:42 AM [express] GET /api/intelligence/demo/status 200 in 20ms :: {"status":"cooldown","resetAt":1778676745575,"msLeft":3523405}
2026-05-13 11:53:42 +00:00: 11:53:42 AM [express] GET /api/training/state 304 in 23ms :: {"enrolled":true,"profile":{"userId":"2d91b70d-b8eb-4f8d-9253-88b99321969a","enrolledAt":"2026-05-11T17:38:30.411Z","graduatedAt":null,"graduationNotifiedOwner":false,"graduationStaffNotified":false,"day7DigestSentAt":null},"categories":[],"state":[],"settings":{"enabled":true,"autoEnrollNewStaff":true,"graduationMinDays":7,"showHelpBubbleAfterGraduation":true,"storeId":null}}
2026-05-13 11:54:42 +00:00: 11:54:42 AM [express] GET /api/intelligence/demo/status 200 in 22ms :: {"status":"cooldown","resetAt":1778676745575,"msLeft":3463543}
2026-05-13 11:55:42 +00:00: 11:55:42 AM [express] GET /api/intelligence/demo/status 200 in 19ms :: {"status":"cooldown","resetAt":1778676745575,"msLeft":3403395}
2026-05-13 11:56:42 +00:00: 11:56:42 AM [express] GET /api/intelligence/demo/status 200 in 21ms :: {"status":"cooldown","resetAt":1778676745575,"msLeft":3343555}
2026-05-13 11:57:42 +00:00: 11:57:42 AM [express] GET /api/intelligence/demo/status 200 in 21ms :: {"status":"cooldown","resetAt":1778676745575,"msLeft":3283493}
2026-05-13 11:57:42 +00:00: 11:57:42 AM [express] GET /api/training/state 304 in 19ms :: {"enrolled":true,"profile":{"userId":"2d91b70d-b8eb-4f8d-9253-88b99321969a","enrolledAt":"2026-05-11T17:38:30.411Z","graduatedAt":null,"graduationNotifiedOwner":false,"graduationStaffNotified":false,"day7DigestSentAt":null},"categories":[],"state":[],"settings":{"enabled":true,"autoEnrollNewStaff":true,"graduationMinDays":7,"showHelpBubbleAfterGraduation":true,"storeId":null}}
2026-05-13 12:03:26 +00:00: [SMS] Processed 1 reminder(s)
2026-05-13 12:03:26 +00:00: [Email] Processed 1 reminder(s)
2026-05-13 12:08:26 +00:00: [SMS] Processed 1 reminder(s)
2026-05-13 12:08:26 +00:00: [Email] Processed 1 reminder(s)
2026-05-13 12:13:26 +00:00: [SMS] Processed 1 reminder(s)
2026-05-13 12:13:26 +00:00: [Email] Processed 1 reminder(s)
2026-05-13 12:18:26 +00:00: [SMS] Processed 1 reminder(s)
2026-05-13 12:18:26 +00:00: [Email] Processed 1 reminder(s)
2026-05-13 12:23:26 +00:00: [SMS] Processed 1 reminder(s)
2026-05-13 12:23:26 +00:00: [Email] Processed 1 reminder(s)
2026-05-13 12:28:26 +00:00: [SMS] Processed 1 reminder(s)
2026-05-13 12:28:26 +00:00: [Email] Processed 1 reminder(s)
2026-05-13 12:33:26 +00:00: [SMS] Processed 1 reminder(s)
2026-05-13 12:33:26 +00:00: [Email] Processed 1 reminder(s)
2026-05-13 12:38:26 +00:00: [SMS] Processed 1 reminder(s)
2026-05-13 12:38:26 +00:00: [Email] Processed 1 reminder(s)
2026-05-13 12:43:26 +00:00: [SMS] Processed 1 reminder(s)
2026-05-13 12:43:26 +00:00: [Email] Processed 1 reminder(s)
2026-05-13 12:46:02 +00:00: [DemoReset] Spawning reseed for store 3 (nail-demo@certxa.com) …
2026-05-13 12:46:03 +00:00: [DemoReseed] 
2026-05-13 12:46:03 +00:00: ╔══════════════════════════════════════════════════════════╗
2026-05-13 12:46:03 +00:00: [DemoReseed] ║       Luxe Nails & Spa — Reseed (Reset + Seed)          ║
2026-05-13 12:46:03 +00:00: ╚══════════════════════════════════════════════════════════╝
2026-05-13 12:46:03 +00:00: [DemoReseed] 
2026-05-13 12:46:03 +00:00: ────────────────────────────────────────────────────────────
2026-05-13 12:46:03 +00:00: [DemoReseed] ▶  Step 1/2 — Reset demo account
2026-05-13 12:46:03 +00:00: [DemoReseed] ────────────────────────────────────────────────────────────
2026-05-13 12:46:04 +00:00: [DemoReseed] 
2026-05-13 12:46:04 +00:00: ╔══════════════════════════════════════════════════════════╗
2026-05-13 12:46:04 +00:00: [DemoReseed] ║       Luxe Nails & Spa — Demo Reset                     ║
2026-05-13 12:46:04 +00:00: [DemoReseed] ╚══════════════════════════════════════════════════════════╝
2026-05-13 12:46:04 +00:00: 
2026-05-13 12:46:04 +00:00: [DemoReseed] Found store: "Luxe Nails & Spa" (id=3)
2026-05-13 12:46:04 +00:00: [DemoReseed]   ✓ Deleted appointments
2026-05-13 12:46:04 +00:00: [DemoReseed]   ✓ Deleted customers
2026-05-13 12:46:04 +00:00: [DemoReseed]   ✓ Deleted staff
2026-05-13 12:46:04 +00:00: [DemoReseed]   ✓ Deleted services, addons & categories
2026-05-13 12:46:04 +00:00: [DemoReseed]   ✓ Deleted Google Business data
2026-05-13 12:46:04 +00:00: [DemoReseed] 
2026-05-13 12:46:04 +00:00: ────────────────────────────────────────────────────────────
2026-05-13 12:46:04 +00:00: [DemoReseed] ▶  Step 2/2 — Seed fresh demo data
2026-05-13 12:46:04 +00:00: ────────────────────────────────────────────────────────────
2026-05-13 12:46:06 +00:00: [DemoReseed] 
2026-05-13 12:46:06 +00:00: ╔══════════════════════════════════════════════════════════╗
2026-05-13 12:46:06 +00:00: ║       Luxe Nails & Spa — Intelligence Demo Seed         ║
2026-05-13 12:46:06 +00:00: ╚══════════════════════════════════════════════════════════╝
2026-05-13 12:46:06 +00:00: 
2026-05-13 12:46:06 +00:00: [DemoReseed] ⚠️  Demo account already exists — skipping.
2026-05-13 12:46:06 +00:00:    Email: nail-demo@certxa.com  /  Password: demo1234
2026-05-13 12:46:06 +00:00: 
2026-05-13 12:46:06 +00:00: [DemoReseed] 
2026-05-13 12:46:06 +00:00: ✅  Reseed complete — Luxe Nails & Spa is ready.
2026-05-13 12:46:06 +00:00: [DemoReseed]    Login: nail-demo@certxa.com  /  demo1234
2026-05-13 12:46:06 +00:00: 
2026-05-13 12:46:06 +00:00: [DemoReset] Reseed done for store 3 — running engines silently…
2026-05-13 12:46:06 +00:00: [intelligence] Running intelligence engine for store 3
2026-05-13 12:46:06 +00:00: [intelligence] No customers found for store 3, skipping
2026-05-13 12:46:06 +00:00: [DemoReset] Silent engines done for store 3 — starting new 90-min cooldown
2026-05-13 12:46:06 +00:00: [DemoReset] Clients table synced: 0 migrated, 0 already present
2026-05-13 12:46:06 +00:00: [DemoReset] Next reseed scheduled for store 3 in 90 min
2026-05-13 12:48:23 +00:00: [DemoReset] Spawning reseed for store 3 (nail-demo@certxa.com) …
2026-05-13 12:48:23 +00:00: [DemoReseed] 
2026-05-13 12:48:23 +00:00: ╔══════════════════════════════════════════════════════════╗
2026-05-13 12:48:23 +00:00: [DemoReseed] ║       Luxe Nails & Spa — Reseed (Reset + Seed)          ║
2026-05-13 12:48:23 +00:00: ╚══════════════════════════════════════════════════════════╝
2026-05-13 12:48:23 +00:00: [DemoReseed] 
2026-05-13 12:48:23 +00:00: ────────────────────────────────────────────────────────────
2026-05-13 12:48:23 +00:00: [DemoReseed] ▶  Step 1/2 — Reset demo account
2026-05-13 12:48:23 +00:00: ────────────────────────────────────────────────────────────
2026-05-13 12:48:24 +00:00: [DemoReseed] 
2026-05-13 12:48:24 +00:00: ╔══════════════════════════════════════════════════════════╗
2026-05-13 12:48:24 +00:00: [DemoReseed] ║       Luxe Nails & Spa — Demo Reset                     ║
2026-05-13 12:48:24 +00:00: ╚══════════════════════════════════════════════════════════╝
2026-05-13 12:48:24 +00:00: 
2026-05-13 12:48:24 +00:00: [DemoReseed] Found store: "Luxe Nails & Spa" (id=3)
2026-05-13 12:48:24 +00:00: [DemoReseed]   ✓ Deleted appointments
2026-05-13 12:48:24 +00:00: [DemoReseed]   ✓ Deleted customers
2026-05-13 12:48:24 +00:00: [DemoReseed]   ✓ Deleted staff
2026-05-13 12:48:24 +00:00: [DemoReseed]   ✓ Deleted services, addons & categories
2026-05-13 12:48:24 +00:00: [DemoReseed]   ✓ Deleted Google Business data
2026-05-13 12:48:24 +00:00: [DemoReseed] 
2026-05-13 12:48:24 +00:00: ────────────────────────────────────────────────────────────
2026-05-13 12:48:24 +00:00: ▶  Step 2/2 — Seed fresh demo data
2026-05-13 12:48:24 +00:00: [DemoReseed] ────────────────────────────────────────────────────────────
2026-05-13 12:48:25 +00:00: [DemoReseed] 
2026-05-13 12:48:25 +00:00: ╔══════════════════════════════════════════════════════════╗
2026-05-13 12:48:25 +00:00: [DemoReseed] ║       Luxe Nails & Spa — Intelligence Demo Seed         ║
2026-05-13 12:48:25 +00:00: ╚══════════════════════════════════════════════════════════╝
2026-05-13 12:48:25 +00:00: 
2026-05-13 12:48:25 +00:00: [DemoReseed] ⚠️  Demo account already exists — skipping.
2026-05-13 12:48:25 +00:00: [DemoReseed]    Email: nail-demo@certxa.com  /  Password: demo1234
2026-05-13 12:48:25 +00:00: 
2026-05-13 12:48:25 +00:00: [DemoReseed] 
2026-05-13 12:48:25 +00:00: ✅  Reseed complete — Luxe Nails & Spa is ready.
2026-05-13 12:48:25 +00:00: [DemoReseed]    Login: nail-demo@certxa.com  /  demo1234
2026-05-13 12:48:25 +00:00: 
2026-05-13 12:48:25 +00:00: [DemoReset] Reseed done for store 3 — running engines silently…
2026-05-13 12:48:25 +00:00: [intelligence] Running intelligence engine for store 3
2026-05-13 12:48:25 +00:00: [intelligence] No customers found for store 3, skipping
2026-05-13 12:48:25 +00:00: [DemoReset] Silent engines done for store 3 — starting new 90-min cooldown
2026-05-13 12:48:25 +00:00: [DemoReset] Clients table synced: 0 migrated, 0 already present
2026-05-13 12:48:25 +00:00: [DemoReset] Next reseed scheduled for store 3 in 90 min
2026-05-13 12:48:26 +00:00: [SMS] Processed 1 reminder(s)
2026-05-13 12:48:26 +00:00: [Email] Processed 1 reminder(s)
2026-05-13 12:52:25 +00:00: [DemoReset] Spawning reseed for store 3 (nail-demo@certxa.com) …
2026-05-13 12:52:26 +00:00: [DemoReseed] 
2026-05-13 12:52:26 +00:00: ╔══════════════════════════════════════════════════════════╗
2026-05-13 12:52:26 +00:00: [DemoReseed] ║       Luxe Nails & Spa — Reseed (Reset + Seed)          ║
2026-05-13 12:52:26 +00:00: [DemoReseed] ╚══════════════════════════════════════════════════════════╝
2026-05-13 12:52:26 +00:00: [DemoReseed] 
2026-05-13 12:52:26 +00:00: ────────────────────────────────────────────────────────────
2026-05-13 12:52:26 +00:00: [DemoReseed] ▶  Step 1/2 — Reset demo account
2026-05-13 12:52:26 +00:00: ────────────────────────────────────────────────────────────
2026-05-13 12:52:26 +00:00: [DemoReseed] 
2026-05-13 12:52:26 +00:00: ╔══════════════════════════════════════════════════════════╗
2026-05-13 12:52:26 +00:00: [DemoReseed] ║       Luxe Nails & Spa — Demo Reset                     ║
2026-05-13 12:52:26 +00:00: ╚══════════════════════════════════════════════════════════╝
2026-05-13 12:52:26 +00:00: 
2026-05-13 12:52:26 +00:00: [DemoReseed] Found store: "Luxe Nails & Spa" (id=3)
2026-05-13 12:52:26 +00:00: [DemoReseed]   ✓ Deleted appointments
2026-05-13 12:52:26 +00:00: [DemoReseed]   ✓ Deleted customers
2026-05-13 12:52:26 +00:00: [DemoReseed]   ✓ Deleted staff
2026-05-13 12:52:26 +00:00: [DemoReseed]   ✓ Deleted services, addons & categories
2026-05-13 12:52:26 +00:00: [DemoReseed]   ✓ Deleted Google Business data
2026-05-13 12:52:26 +00:00: [DemoReseed] 
2026-05-13 12:52:26 +00:00: ────────────────────────────────────────────────────────────
2026-05-13 12:52:26 +00:00: [DemoReseed] ▶  Step 2/2 — Seed fresh demo data
2026-05-13 12:52:26 +00:00: ────────────────────────────────────────────────────────────
2026-05-13 12:52:27 +00:00: [DemoReseed] 
2026-05-13 12:52:27 +00:00: ╔══════════════════════════════════════════════════════════╗
2026-05-13 12:52:27 +00:00: [DemoReseed] ║       Luxe Nails & Spa — Intelligence Demo Seed         ║
2026-05-13 12:52:27 +00:00: ╚══════════════════════════════════════════════════════════╝
2026-05-13 12:52:27 +00:00: 
2026-05-13 12:52:27 +00:00: [DemoReseed] ⚠️  Demo account already exists — skipping.
2026-05-13 12:52:27 +00:00:    Email: nail-demo@certxa.com  /  Password: demo1234
2026-05-13 12:52:27 +00:00: 
2026-05-13 12:52:27 +00:00: [DemoReseed] 
2026-05-13 12:52:27 +00:00: ✅  Reseed complete — Luxe Nails & Spa is ready.
2026-05-13 12:52:27 +00:00:    Login: nail-demo@certxa.com  /  demo1234
2026-05-13 12:52:27 +00:00: 
2026-05-13 12:52:27 +00:00: [DemoReset] Reseed done for store 3 — running engines silently…
2026-05-13 12:52:27 +00:00: [intelligence] Running intelligence engine for store 3
2026-05-13 12:52:27 +00:00: [intelligence] No customers found for store 3, skipping
2026-05-13 12:52:27 +00:00: [DemoReset] Silent engines done for store 3 — starting new 90-min cooldown
2026-05-13 12:52:27 +00:00: [DemoReset] Clients table synced: 0 migrated, 0 already present
2026-05-13 12:52:27 +00:00: [DemoReset] Next reseed scheduled for store 3 in 90 min
2026-05-13 12:53:26 +00:00: [SMS] Processed 1 reminder(s)
2026-05-13 12:53:26 +00:00: [Email] Processed 1 reminder(s)
2026-05-13 12:58:26 +00:00: [SMS] Processed 1 reminder(s)
2026-05-13 12:58:26 +00:00: [Email] Processed 1 reminder(s)
2026-05-13 13:26:10 +00:00: 1:26:10 PM [express] GET /api/auth/user 304 in 5ms :: {"id":"2d91b70d-b8eb-4f8d-9253-88b99321969a","email":"nail-demo@certxa.com","googleId":null,"firstName":"Jessica","lastName":"Tran","profileImageUrl":null,"role":"owner","isAdmin":false,"staffId":null,"permissions":["appointments.viewAll","appointments.viewOwn","appointments.edit","appointments.delete","appointments.cancel","appointments.overrideRules","waitlist.access","customers.view","customers.viewContact","customers.edit","customers.delete","customers.export","customers.import","services.manage","products.manage","pricing.view","pricing.edit","inventory.manage","staff.manage","staff.permissionsManage","staff.invite","staff.remove","reports.view","reports.financial","reports.export","commissions.viewAll","commissions.viewOwn","pos.use","checkout.clients","payments.view","refunds.issue","discounts.apply","void.transactions","cashDrawer.view","cashDrawer.close","marketing.sms","marketing.email","marketing.reviewRequests","giftCards.manage","loyalty.manage","intakeForms.manage","store.settings","store.delete","integrations.manage","billing.manage"],"onboardingCompleted":true,"passwordChanged":false,"createdAt":"2026-05-11T17:18:15.283Z","updatedAt":"2026-05-11T17:18:15.283Z","subscriptionStatus":"active","trialStartedAt":null,"trialEndsAt":null,"accountType":null}
2026-05-13 13:26:10 +00:00: 1:26:10 PM [express] GET /api/training/state 304 in 8ms :: {"enrolled":true,"profile":{"userId":"2d91b70d-b8eb-4f8d-9253-88b99321969a","enrolledAt":"2026-05-11T17:38:30.411Z","graduatedAt":null,"graduationNotifiedOwner":false,"graduationStaffNotified":false,"day7DigestSentAt":null},"categories":[],"state":[],"settings":{"enabled":true,"autoEnrollNewStaff":true,"graduationMinDays":7,"showHelpBubbleAfterGraduation":true,"storeId":null}}
2026-05-13 13:26:10 +00:00: 1:26:10 PM [express] GET /api/training/notifications 304 in 6ms :: {"notifications":[]}
2026-05-13 13:26:11 +00:00: 1:26:11 PM [express] GET /api/manage/overview 304 in 7ms :: {"user":{"id":"2d91b70d-b8eb-4f8d-9253-88b99321969a","email":"nail-demo@certxa.com","firstName":"Jessica","lastName":"Tran","profileImageUrl":null,"subscriptionStatus":"active","trialEndsAt":null},"salonos":{"stores":[{"id":3,"name":"Luxe Nails & Spa","bookingSlug":"luxe-nails-spa-demo","timezone":"America/Chicago","phone":"(512) 555-0199","address":"2201 S Lamar Blvd, Suite 104"}]},"launchsite":{"websites":[],"activeCount":0}}
2026-05-13 14:16:06 +00:00: [DemoReset] Spawning reseed for store 3 (nail-demo@certxa.com) …
2026-05-13 14:16:06 +00:00: [DemoReseed] 
2026-05-13 14:16:06 +00:00: ╔══════════════════════════════════════════════════════════╗
2026-05-13 14:16:06 +00:00: [DemoReseed] ║       Luxe Nails & Spa — Reseed (Reset + Seed)          ║
2026-05-13 14:16:06 +00:00: [DemoReseed] ╚══════════════════════════════════════════════════════════╝
2026-05-13 14:16:06 +00:00: [DemoReseed] 
2026-05-13 14:16:06 +00:00: ────────────────────────────────────────────────────────────
2026-05-13 14:16:06 +00:00: [DemoReseed] ▶  Step 1/2 — Reset demo account
2026-05-13 14:16:06 +00:00: [DemoReseed] ────────────────────────────────────────────────────────────
2026-05-13 14:16:07 +00:00: [DemoReseed] 
2026-05-13 14:16:07 +00:00: ╔══════════════════════════════════════════════════════════╗
2026-05-13 14:16:07 +00:00: [DemoReseed] ║       Luxe Nails & Spa — Demo Reset                     ║
2026-05-13 14:16:07 +00:00: ╚══════════════════════════════════════════════════════════╝
2026-05-13 14:16:07 +00:00: 
2026-05-13 14:16:07 +00:00: [DemoReseed] Found store: "Luxe Nails & Spa" (id=3)
2026-05-13 14:16:07 +00:00: [DemoReseed]   ✓ Deleted appointments
2026-05-13 14:16:07 +00:00: [DemoReseed]   ✓ Deleted customers
2026-05-13 14:16:07 +00:00: [DemoReseed]   ✓ Deleted staff
2026-05-13 14:16:07 +00:00: [DemoReseed]   ✓ Deleted services, addons & categories
2026-05-13 14:16:07 +00:00: [DemoReseed]   ✓ Deleted Google Business data
2026-05-13 14:16:07 +00:00: [DemoReseed] 
2026-05-13 14:16:07 +00:00: ────────────────────────────────────────────────────────────
2026-05-13 14:16:07 +00:00: [DemoReseed] ▶  Step 2/2 — Seed fresh demo data
2026-05-13 14:16:07 +00:00: ────────────────────────────────────────────────────────────
2026-05-13 14:16:08 +00:00: [DemoReseed] 
2026-05-13 14:16:08 +00:00: ╔══════════════════════════════════════════════════════════╗
2026-05-13 14:16:08 +00:00: [DemoReseed] ║       Luxe Nails & Spa — Intelligence Demo Seed         ║
2026-05-13 14:16:08 +00:00: ╚══════════════════════════════════════════════════════════╝
2026-05-13 14:16:08 +00:00: 
2026-05-13 14:16:08 +00:00: [DemoReseed] ⚠️  Demo account already exists — skipping.
2026-05-13 14:16:08 +00:00:    Email: nail-demo@certxa.com  /  Password: demo1234
2026-05-13 14:16:08 +00:00: 
2026-05-13 14:16:08 +00:00: [DemoReseed] 
2026-05-13 14:16:08 +00:00: ✅  Reseed complete — Luxe Nails & Spa is ready.
2026-05-13 14:16:08 +00:00:    Login: nail-demo@certxa.com  /  demo1234
2026-05-13 14:16:08 +00:00: 
2026-05-13 14:16:08 +00:00: [DemoReset] Reseed done for store 3 — running engines silently…
2026-05-13 14:16:08 +00:00: [intelligence] Running intelligence engine for store 3
2026-05-13 14:16:08 +00:00: [intelligence] No customers found for store 3, skipping
2026-05-13 14:16:08 +00:00: [DemoReset] Silent engines done for store 3 — starting new 90-min cooldown
2026-05-13 14:16:08 +00:00: [DemoReset] Clients table synced: 0 migrated, 0 already present
2026-05-13 14:16:08 +00:00: [DemoReset] Next reseed scheduled for store 3 in 90 min
2026-05-13 14:18:25 +00:00: [DemoReset] Spawning reseed for store 3 (nail-demo@certxa.com) …
2026-05-13 14:18:25 +00:00: [DemoReseed] 
2026-05-13 14:18:25 +00:00: ╔══════════════════════════════════════════════════════════╗
2026-05-13 14:18:25 +00:00: [DemoReseed] ║       Luxe Nails & Spa — Reseed (Reset + Seed)          ║
2026-05-13 14:18:25 +00:00: [DemoReseed] ╚══════════════════════════════════════════════════════════╝
2026-05-13 14:18:25 +00:00: [DemoReseed] 
2026-05-13 14:18:25 +00:00: ────────────────────────────────────────────────────────────
2026-05-13 14:18:25 +00:00: [DemoReseed] ▶  Step 1/2 — Reset demo account
2026-05-13 14:18:25 +00:00: [DemoReseed] ────────────────────────────────────────────────────────────
2026-05-13 14:18:26 +00:00: [DemoReseed] 
2026-05-13 14:18:26 +00:00: ╔══════════════════════════════════════════════════════════╗
2026-05-13 14:18:26 +00:00: [DemoReseed] ║       Luxe Nails & Spa — Demo Reset                     ║
2026-05-13 14:18:26 +00:00: ╚══════════════════════════════════════════════════════════╝
2026-05-13 14:18:26 +00:00: 
2026-05-13 14:18:26 +00:00: [DemoReseed] Found store: "Luxe Nails & Spa" (id=3)
2026-05-13 14:18:26 +00:00: [DemoReseed]   ✓ Deleted appointments
2026-05-13 14:18:26 +00:00: [DemoReseed]   ✓ Deleted customers
2026-05-13 14:18:26 +00:00: [DemoReseed]   ✓ Deleted staff
2026-05-13 14:18:26 +00:00: [DemoReseed]   ✓ Deleted services, addons & categories
2026-05-13 14:18:26 +00:00: [DemoReseed]   ✓ Deleted Google Business data
2026-05-13 14:18:26 +00:00: [DemoReseed] 
2026-05-13 14:18:26 +00:00: ────────────────────────────────────────────────────────────
2026-05-13 14:18:26 +00:00: ▶  Step 2/2 — Seed fresh demo data
2026-05-13 14:18:26 +00:00: [DemoReseed] ────────────────────────────────────────────────────────────
2026-05-13 14:18:27 +00:00: [DemoReseed] 
2026-05-13 14:18:27 +00:00: ╔══════════════════════════════════════════════════════════╗
2026-05-13 14:18:27 +00:00: ║       Luxe Nails & Spa — Intelligence Demo Seed         ║
2026-05-13 14:18:27 +00:00: [DemoReseed] ╚══════════════════════════════════════════════════════════╝
2026-05-13 14:18:27 +00:00: 
2026-05-13 14:18:27 +00:00: [DemoReseed] ⚠️  Demo account already exists — skipping.
2026-05-13 14:18:27 +00:00:    Email: nail-demo@certxa.com  /  Password: demo1234
2026-05-13 14:18:27 +00:00: 
2026-05-13 14:18:27 +00:00: [DemoReseed] 
2026-05-13 14:18:27 +00:00: ✅  Reseed complete — Luxe Nails & Spa is ready.
2026-05-13 14:18:27 +00:00: [DemoReseed]    Login: nail-demo@certxa.com  /  demo1234
2026-05-13 14:18:27 +00:00: 
2026-05-13 14:18:27 +00:00: [DemoReset] Reseed done for store 3 — running engines silently…
2026-05-13 14:18:27 +00:00: [intelligence] Running intelligence engine for store 3
2026-05-13 14:18:27 +00:00: [intelligence] No customers found for store 3, skipping
2026-05-13 14:18:27 +00:00: [DemoReset] Silent engines done for store 3 — starting new 90-min cooldown
2026-05-13 14:18:27 +00:00: [DemoReset] Clients table synced: 0 migrated, 0 already present
2026-05-13 14:18:27 +00:00: [DemoReset] Next reseed scheduled for store 3 in 90 min
2026-05-13 14:22:27 +00:00: [DemoReset] Spawning reseed for store 3 (nail-demo@certxa.com) …
2026-05-13 14:22:28 +00:00: [DemoReseed] 
2026-05-13 14:22:28 +00:00: ╔══════════════════════════════════════════════════════════╗
2026-05-13 14:22:28 +00:00: [DemoReseed] ║       Luxe Nails & Spa — Reseed (Reset + Seed)          ║
2026-05-13 14:22:28 +00:00: ╚══════════════════════════════════════════════════════════╝
2026-05-13 14:22:28 +00:00: [DemoReseed] 
2026-05-13 14:22:28 +00:00: ────────────────────────────────────────────────────────────
2026-05-13 14:22:28 +00:00: [DemoReseed] ▶  Step 1/2 — Reset demo account
2026-05-13 14:22:28 +00:00: ────────────────────────────────────────────────────────────
2026-05-13 14:22:28 +00:00: [DemoReseed] 
2026-05-13 14:22:28 +00:00: ╔══════════════════════════════════════════════════════════╗
2026-05-13 14:22:28 +00:00: [DemoReseed] ║       Luxe Nails & Spa — Demo Reset                     ║
2026-05-13 14:22:28 +00:00: ╚══════════════════════════════════════════════════════════╝
2026-05-13 14:22:28 +00:00: 
2026-05-13 14:22:29 +00:00: [DemoReseed] Found store: "Luxe Nails & Spa" (id=3)
2026-05-13 14:22:29 +00:00: [DemoReseed]   ✓ Deleted appointments
2026-05-13 14:22:29 +00:00: [DemoReseed]   ✓ Deleted customers
2026-05-13 14:22:29 +00:00: [DemoReseed]   ✓ Deleted staff
2026-05-13 14:22:29 +00:00: [DemoReseed]   ✓ Deleted services, addons & categories
2026-05-13 14:22:29 +00:00: [DemoReseed]   ✓ Deleted Google Business data
2026-05-13 14:22:29 +00:00: [DemoReseed] 
2026-05-13 14:22:29 +00:00: ────────────────────────────────────────────────────────────
2026-05-13 14:22:29 +00:00: [DemoReseed] ▶  Step 2/2 — Seed fresh demo data
2026-05-13 14:22:29 +00:00: ────────────────────────────────────────────────────────────
2026-05-13 14:22:29 +00:00: [DemoReseed] 
2026-05-13 14:22:29 +00:00: ╔══════════════════════════════════════════════════════════╗
2026-05-13 14:22:29 +00:00: [DemoReseed] ║       Luxe Nails & Spa — Intelligence Demo Seed         ║
2026-05-13 14:22:29 +00:00: ╚══════════════════════════════════════════════════════════╝
2026-05-13 14:22:29 +00:00: 
2026-05-13 14:22:29 +00:00: [DemoReseed] ⚠️  Demo account already exists — skipping.
2026-05-13 14:22:29 +00:00:    Email: nail-demo@certxa.com  /  Password: demo1234
2026-05-13 14:22:29 +00:00: 
2026-05-13 14:22:29 +00:00: [DemoReseed] 
2026-05-13 14:22:29 +00:00: ✅  Reseed complete — Luxe Nails & Spa is ready.
2026-05-13 14:22:29 +00:00: [DemoReseed]    Login: nail-demo@certxa.com  /  demo1234
2026-05-13 14:22:29 +00:00: 
2026-05-13 14:22:29 +00:00: [DemoReset] Reseed done for store 3 — running engines silently…
2026-05-13 14:22:29 +00:00: [intelligence] Running intelligence engine for store 3
2026-05-13 14:22:29 +00:00: [intelligence] No customers found for store 3, skipping
2026-05-13 14:22:29 +00:00: [DemoReset] Silent engines done for store 3 — starting new 90-min cooldown
2026-05-13 14:22:29 +00:00: [DemoReset] Clients table synced: 0 migrated, 0 already present
2026-05-13 14:22:29 +00:00: [DemoReset] Next reseed scheduled for store 3 in 90 min
2026-05-13 14:33:26 +00:00: [SMS] Processed 1 reminder(s)
2026-05-13 14:33:26 +00:00: [Email] Processed 1 reminder(s)
2026-05-13 14:38:26 +00:00: [SMS] Processed 1 reminder(s)
2026-05-13 14:38:26 +00:00: [Email] Processed 1 reminder(s)
2026-05-13 14:43:26 +00:00: [SMS] Processed 1 reminder(s)
2026-05-13 14:43:26 +00:00: [Email] Processed 1 reminder(s)
2026-05-13 14:48:26 +00:00: [SMS] Processed 1 reminder(s)
2026-05-13 14:48:26 +00:00: [Email] Processed 1 reminder(s)
2026-05-13 14:53:26 +00:00: [SMS] Processed 1 reminder(s)
2026-05-13 14:53:26 +00:00: [Email] Processed 1 reminder(s)
2026-05-13 14:58:26 +00:00: [SMS] Processed 1 reminder(s)
2026-05-13 14:58:26 +00:00: [Email] Processed 1 reminder(s)
2026-05-13 15:03:26 +00:00: [SMS] Processed 1 reminder(s)
2026-05-13 15:03:26 +00:00: [Email] Processed 1 reminder(s)
2026-05-13 15:08:26 +00:00: [SMS] Processed 1 reminder(s)
2026-05-13 15:08:26 +00:00: [Email] Processed 1 reminder(s)
2026-05-13 15:13:26 +00:00: [SMS] Processed 1 reminder(s)
2026-05-13 15:13:26 +00:00: [Email] Processed 1 reminder(s)
2026-05-13 15:18:26 +00:00: [SMS] Processed 1 reminder(s)
2026-05-13 15:18:26 +00:00: [Email] Processed 1 reminder(s)
2026-05-13 15:23:26 +00:00: [SMS] Processed 1 reminder(s)
2026-05-13 15:23:26 +00:00: [Email] Processed 1 reminder(s)
2026-05-13 15:28:26 +00:00: [SMS] Processed 1 reminder(s)
2026-05-13 15:28:26 +00:00: [Email] Processed 1 reminder(s)
2026-05-13 15:46:08 +00:00: [DemoReset] Spawning reseed for store 3 (nail-demo@certxa.com) …
2026-05-13 15:46:09 +00:00: [DemoReseed] 
2026-05-13 15:46:09 +00:00: ╔══════════════════════════════════════════════════════════╗
2026-05-13 15:46:09 +00:00: ║       Luxe Nails & Spa — Reseed (Reset + Seed)          ║
2026-05-13 15:46:09 +00:00: ╚══════════════════════════════════════════════════════════╝
2026-05-13 15:46:09 +00:00: 
2026-05-13 15:46:09 +00:00: ────────────────────────────────────────────────────────────
2026-05-13 15:46:09 +00:00: ▶  Step 1/2 — Reset demo account
2026-05-13 15:46:09 +00:00: ────────────────────────────────────────────────────────────
2026-05-13 15:46:10 +00:00: [DemoReseed] 
2026-05-13 15:46:10 +00:00: ╔══════════════════════════════════════════════════════════╗
2026-05-13 15:46:10 +00:00: [DemoReseed] ║       Luxe Nails & Spa — Demo Reset                     ║
2026-05-13 15:46:10 +00:00: [DemoReseed] ╚══════════════════════════════════════════════════════════╝
2026-05-13 15:46:10 +00:00: 
2026-05-13 15:46:10 +00:00: [DemoReseed] Found store: "Luxe Nails & Spa" (id=3)
2026-05-13 15:46:10 +00:00: [DemoReseed]   ✓ Deleted appointments
2026-05-13 15:46:10 +00:00: [DemoReseed]   ✓ Deleted customers
2026-05-13 15:46:10 +00:00: [DemoReseed]   ✓ Deleted staff
2026-05-13 15:46:10 +00:00: [DemoReseed]   ✓ Deleted services, addons & categories
2026-05-13 15:46:10 +00:00: [DemoReseed]   ✓ Deleted Google Business data
2026-05-13 15:46:10 +00:00: [DemoReseed] 
2026-05-13 15:46:10 +00:00: ────────────────────────────────────────────────────────────
2026-05-13 15:46:10 +00:00: ▶  Step 2/2 — Seed fresh demo data
2026-05-13 15:46:10 +00:00: ────────────────────────────────────────────────────────────
2026-05-13 15:46:11 +00:00: [DemoReseed] 
2026-05-13 15:46:11 +00:00: ╔══════════════════════════════════════════════════════════╗
2026-05-13 15:46:11 +00:00: [DemoReseed] ║       Luxe Nails & Spa — Intelligence Demo Seed         ║
2026-05-13 15:46:11 +00:00: ╚══════════════════════════════════════════════════════════╝
2026-05-13 15:46:11 +00:00: 
2026-05-13 15:46:11 +00:00: [DemoReseed] ⚠️  Demo account already exists — skipping.
2026-05-13 15:46:11 +00:00: [DemoReseed]    Email: nail-demo@certxa.com  /  Password: demo1234
2026-05-13 15:46:11 +00:00: 
2026-05-13 15:46:11 +00:00: [DemoReseed] 
2026-05-13 15:46:11 +00:00: ✅  Reseed complete — Luxe Nails & Spa is ready.
2026-05-13 15:46:11 +00:00:    Login: nail-demo@certxa.com  /  demo1234
2026-05-13 15:46:11 +00:00: 
2026-05-13 15:46:12 +00:00: [DemoReset] Reseed done for store 3 — running engines silently…
2026-05-13 15:46:12 +00:00: [intelligence] Running intelligence engine for store 3
2026-05-13 15:46:12 +00:00: [intelligence] No customers found for store 3, skipping
2026-05-13 15:46:12 +00:00: [DemoReset] Silent engines done for store 3 — starting new 90-min cooldown
2026-05-13 15:46:12 +00:00: [DemoReset] Clients table synced: 0 migrated, 0 already present
2026-05-13 15:46:12 +00:00: [DemoReset] Next reseed scheduled for store 3 in 90 min
2026-05-13 15:48:27 +00:00: [DemoReset] Spawning reseed for store 3 (nail-demo@certxa.com) …
2026-05-13 15:48:28 +00:00: [DemoReseed] 
2026-05-13 15:48:28 +00:00: ╔══════════════════════════════════════════════════════════╗
2026-05-13 15:48:28 +00:00: [DemoReseed] ║       Luxe Nails & Spa — Reseed (Reset + Seed)          ║
2026-05-13 15:48:28 +00:00: [DemoReseed] ╚══════════════════════════════════════════════════════════╝
2026-05-13 15:48:28 +00:00: [DemoReseed] 
2026-05-13 15:48:28 +00:00: ────────────────────────────────────────────────────────────
2026-05-13 15:48:28 +00:00: [DemoReseed] ▶  Step 1/2 — Reset demo account
2026-05-13 15:48:28 +00:00: [DemoReseed] ────────────────────────────────────────────────────────────
2026-05-13 15:48:29 +00:00: [DemoReseed] 
2026-05-13 15:48:29 +00:00: ╔══════════════════════════════════════════════════════════╗
2026-05-13 15:48:29 +00:00: [DemoReseed] ║       Luxe Nails & Spa — Demo Reset                     ║
2026-05-13 15:48:29 +00:00: [DemoReseed] ╚══════════════════════════════════════════════════════════╝
2026-05-13 15:48:29 +00:00: 
2026-05-13 15:48:29 +00:00: [DemoReseed] Found store: "Luxe Nails & Spa" (id=3)
2026-05-13 15:48:29 +00:00: [DemoReseed]   ✓ Deleted appointments
2026-05-13 15:48:29 +00:00: [DemoReseed]   ✓ Deleted customers
2026-05-13 15:48:29 +00:00:   ✓ Deleted staff
2026-05-13 15:48:29 +00:00:   ✓ Deleted services, addons & categories
2026-05-13 15:48:29 +00:00: [DemoReseed]   ✓ Deleted Google Business data
2026-05-13 15:48:29 +00:00: [DemoReseed] 
2026-05-13 15:48:29 +00:00: ────────────────────────────────────────────────────────────
2026-05-13 15:48:29 +00:00: [DemoReseed] ▶  Step 2/2 — Seed fresh demo data
2026-05-13 15:48:29 +00:00: ────────────────────────────────────────────────────────────
2026-05-13 15:48:30 +00:00: [DemoReseed] 
2026-05-13 15:48:30 +00:00: ╔══════════════════════════════════════════════════════════╗
2026-05-13 15:48:30 +00:00: ║       Luxe Nails & Spa — Intelligence Demo Seed         ║
2026-05-13 15:48:30 +00:00: ╚══════════════════════════════════════════════════════════╝
2026-05-13 15:48:30 +00:00: 
2026-05-13 15:48:30 +00:00: [DemoReseed] ⚠️  Demo account already exists — skipping.
2026-05-13 15:48:30 +00:00:    Email: nail-demo@certxa.com  /  Password: demo1234
2026-05-13 15:48:30 +00:00: 
2026-05-13 15:48:31 +00:00: [DemoReseed] 
2026-05-13 15:48:31 +00:00: ✅  Reseed complete — Luxe Nails & Spa is ready.
2026-05-13 15:48:31 +00:00: [DemoReseed]    Login: nail-demo@certxa.com  /  demo1234
2026-05-13 15:48:31 +00:00: 
2026-05-13 15:48:31 +00:00: [DemoReset] Reseed done for store 3 — running engines silently…
2026-05-13 15:48:31 +00:00: [intelligence] Running intelligence engine for store 3
2026-05-13 15:48:31 +00:00: [intelligence] No customers found for store 3, skipping
2026-05-13 15:48:31 +00:00: [DemoReset] Silent engines done for store 3 — starting new 90-min cooldown
2026-05-13 15:48:31 +00:00: [DemoReset] Clients table synced: 0 migrated, 0 already present
2026-05-13 15:48:31 +00:00: [DemoReset] Next reseed scheduled for store 3 in 90 min
2026-05-13 15:52:29 +00:00: [DemoReset] Spawning reseed for store 3 (nail-demo@certxa.com) …
2026-05-13 15:52:30 +00:00: [DemoReseed] 
2026-05-13 15:52:30 +00:00: ╔══════════════════════════════════════════════════════════╗
2026-05-13 15:52:30 +00:00: [DemoReseed] ║       Luxe Nails & Spa — Reseed (Reset + Seed)          ║
2026-05-13 15:52:30 +00:00: [DemoReseed] ╚══════════════════════════════════════════════════════════╝
2026-05-13 15:52:30 +00:00: [DemoReseed] 
2026-05-13 15:52:30 +00:00: ────────────────────────────────────────────────────────────
2026-05-13 15:52:30 +00:00: [DemoReseed] ▶  Step 1/2 — Reset demo account
2026-05-13 15:52:30 +00:00: [DemoReseed] ────────────────────────────────────────────────────────────
2026-05-13 15:52:31 +00:00: [DemoReseed] 
2026-05-13 15:52:31 +00:00: ╔══════════════════════════════════════════════════════════╗
2026-05-13 15:52:31 +00:00: ║       Luxe Nails & Spa — Demo Reset                     ║
2026-05-13 15:52:31 +00:00: [DemoReseed] ╚══════════════════════════════════════════════════════════╝
2026-05-13 15:52:31 +00:00: 
2026-05-13 15:52:31 +00:00: [DemoReseed] Found store: "Luxe Nails & Spa" (id=3)
2026-05-13 15:52:31 +00:00: [DemoReseed]   ✓ Deleted appointments
2026-05-13 15:52:31 +00:00: [DemoReseed]   ✓ Deleted customers
2026-05-13 15:52:31 +00:00: [DemoReseed]   ✓ Deleted staff
2026-05-13 15:52:31 +00:00: [DemoReseed]   ✓ Deleted services, addons & categories
2026-05-13 15:52:31 +00:00: [DemoReseed]   ✓ Deleted Google Business data
2026-05-13 15:52:31 +00:00: [DemoReseed] 
2026-05-13 15:52:31 +00:00: ────────────────────────────────────────────────────────────
2026-05-13 15:52:31 +00:00: [DemoReseed] ▶  Step 2/2 — Seed fresh demo data
2026-05-13 15:52:31 +00:00: ────────────────────────────────────────────────────────────
2026-05-13 15:52:31 +00:00: [DemoReseed] 
2026-05-13 15:52:31 +00:00: ╔══════════════════════════════════════════════════════════╗
2026-05-13 15:52:31 +00:00: ║       Luxe Nails & Spa — Intelligence Demo Seed         ║
2026-05-13 15:52:31 +00:00: [DemoReseed] ╚══════════════════════════════════════════════════════════╝
2026-05-13 15:52:31 +00:00: 
2026-05-13 15:52:32 +00:00: [DemoReseed] ⚠️  Demo account already exists — skipping.
2026-05-13 15:52:32 +00:00: [DemoReseed]    Email: nail-demo@certxa.com  /  Password: demo1234
2026-05-13 15:52:32 +00:00: 
2026-05-13 15:52:32 +00:00: [DemoReseed] 
2026-05-13 15:52:32 +00:00: ✅  Reseed complete — Luxe Nails & Spa is ready.
2026-05-13 15:52:32 +00:00: [DemoReseed]    Login: nail-demo@certxa.com  /  demo1234
2026-05-13 15:52:32 +00:00: 
2026-05-13 15:52:32 +00:00: [DemoReset] Reseed done for store 3 — running engines silently…
2026-05-13 15:52:32 +00:00: [intelligence] Running intelligence engine for store 3
2026-05-13 15:52:32 +00:00: [intelligence] No customers found for store 3, skipping
2026-05-13 15:52:32 +00:00: [DemoReset] Silent engines done for store 3 — starting new 90-min cooldown
2026-05-13 15:52:32 +00:00: [DemoReset] Clients table synced: 0 migrated, 0 already present
2026-05-13 15:52:32 +00:00: [DemoReset] Next reseed scheduled for store 3 in 90 min
